path,filename,class_name,label,width,height,mode,split
/content/drive/MyDrive/Capstone Coding Camp 2026/Dataset_Cleaned/Plastic/Plastic_106.jpg,Plastic_106.jpg,Plastic,5,300,300,RGB,train
/content/drive/MyDrive/Capstone Coding Camp 2026/Dataset_Cleaned/Metal/Metal_034.jpg,Metal_034.jpg,Metal,2,300,300,RGB,train
/content/drive/MyDrive/Capstone Coding Camp 2026/Dataset_Cleaned/Glass/Glass_173.jpg,Glass_173.jpg,Glass,1,300,300,RGB,train
/content/drive/MyDrive/Capstone Coding Camp 2026/Dataset_Cleaned/Paper/Paper_106.jpg,Paper_106.jpg,Paper,4,300,300,RGB,train
/content/drive/MyDrive/Capstone Coding Camp 2026/Dataset_Cleaned/Paper/Paper_094.jpg,Paper_094.jpg,Paper,4,300,300,RGB,train
/content/drive/MyDrive/Capstone Coding Camp 2026/Dataset_Cleaned/B3/B3_160.jpg,B3_160.jpg,B3,0,300,300,RGB,train
/content/drive/MyDrive/Capstone Coding Camp 2026/Dataset_Cleaned/B3/B3_003.jpg,B3_003.jpg,B3,0,300,300,RGB,train
/content/drive/MyDrive/Capstone Coding Camp 2026/Dataset_Cleaned/Metal/Metal_179.jpg,Metal_179.jpg,Metal,2,300,300,RGB,train
/content/drive/MyDrive/Capstone Coding Camp 2026/Dataset_Cleaned/B3/B3_077.jpg,B3_077.jpg,B3,0,300,300,RGB,train
/content/drive/MyDrive/Capstone Coding Camp 2026/Dataset_Cleaned/Organic/Organic_075.jpg,Organic_075.jpg,Organic,3,300,300,RGB,train
/content/drive/MyDrive/Capstone Coding Camp 2026/Dataset_Cleaned/B3/B3_196.jpg,B3_196.jpg,B3,0,300,300,RGB,train
/content/drive/MyDrive/Capstone Coding Camp 2026/Dataset_Cleaned/Metal/Metal_159.jpg,Metal_159.jpg,Metal,2,300,300,RGB,train
/content/drive/MyDrive/Capstone Coding Camp 2026/Dataset_Cleaned/B3/B3_130.jpg,B3_130.jpg,B3,0,300,300,RGB,train
/content/drive/MyDrive/Capstone Coding Camp 2026/Dataset_Cleaned/Plastic/Plastic_063.jpg,Plastic_063.jpg,Plastic,5,300,300,RGB,train
/content/drive/MyDrive/Capstone Coding Camp 2026/Dataset_Cleaned/Metal/Metal_099.jpg,Metal_099.jpg,Metal,2,300,300,RGB,train
/content/drive/MyDrive/Capstone Coding Camp 2026/Dataset_Cleaned/Organic/Organic_140.jpg,Organic_140.jpg,Organic,3,300,300,RGB,train
/content/drive/MyDrive/Capstone Coding Camp 2026/Dataset_Cleaned/Organic/Organic_036.jpg,Organic_036.jpg,Organic,3,300,300,RGB,train
/content/drive/MyDrive/Capstone Coding Camp 2026/Dataset_Cleaned/Organic/Organic_144.jpg,Organic_144.jpg,Organic,3,300,300,RGB,train
/content/drive/MyDrive/Capstone Coding Camp 2026/Dataset_Cleaned/Metal/Metal_131.jpg,Metal_131.jpg,Metal,2,300,300,RGB,train
/content/drive/MyDrive/Capstone Coding Camp 2026/Dataset_Cleaned/Paper/Paper_006.jpg,Paper_006.jpg,Paper,4,300,300,RGB,train
/content/drive/MyDrive/Capstone Coding Camp 2026/Dataset_Cleaned/B3/B3_153.jpg,B3_153.jpg,B3,0,300,300,RGB,train
/content/drive/MyDrive/Capstone Coding Camp 2026/Dataset_Cleaned/Organic/Organic_081.jpg,Organic_081.jpg,Organic,3,300,300,RGB,train
/content/drive/MyDrive/Capstone Coding Camp 2026/Dataset_Cleaned/Organic/Organic_087.jpg,Organic_087.jpg,Organic,3,300,300,RGB,train
/content/drive/MyDrive/Capstone Coding Camp 2026/Dataset_Cleaned/Metal/Metal_149.jpg,Metal_149.jpg,Metal,2,300,300,RGB,train
/content/drive/MyDrive/Capstone Coding Camp 2026/Dataset_Cleaned/Paper/Paper_085.jpg,Paper_085.jpg,Paper,4,300,300,RGB,train
/content/drive/MyDrive/Capstone Coding Camp 2026/Dataset_Cleaned/Paper/Paper_041.jpg,Paper_041.jpg,Paper,4,300,300,RGB,train
/content/drive/MyDrive/Capstone Coding Camp 2026/Dataset_Cleaned/B3/B3_020.jpg,B3_020.jpg,B3,0,300,300,RGB,train
/content/drive/MyDrive/Capstone Coding Camp 2026/Dataset_Cleaned/Paper/Paper_053.jpg,Paper_053.jpg,Paper,4,300,300,RGB,train
/content/drive/MyDrive/Capstone Coding Camp 2026/Dataset_Cleaned/Paper/Paper_058.jpg,Paper_058.jpg,Paper,4,300,300,RGB,train
/content/drive/MyDrive/Capstone Coding Camp 2026/Dataset_Cleaned/Paper/Paper_018.jpg,Paper_018.jpg,Paper,4,300,300,RGB,train
/content/drive/MyDrive/Capstone Coding Camp 2026/Dataset_Cleaned/B3/B3_042.jpg,B3_042.jpg,B3,0,300,300,RGB,train
/content/drive/MyDrive/Capstone Coding Camp 2026/Dataset_Cleaned/Paper/Paper_139.jpg,Paper_139.jpg,Paper,4,300,300,RGB,train
/content/drive/MyDrive/Capstone Coding Camp 2026/Dataset_Cleaned/Plastic/Plastic_126.jpg,Plastic_126.jpg,Plastic,5,300,300,RGB,train
/content/drive/MyDrive/Capstone Coding Camp 2026/Dataset_Cleaned/Plastic/Plastic_059.jpg,Plastic_059.jpg,Plastic,5,300,300,RGB,train
/content/drive/MyDrive/Capstone Coding Camp 2026/Dataset_Cleaned/Glass/Glass_186.jpg,Glass_186.jpg,Glass,1,300,300,RGB,train
/content/drive/MyDrive/Capstone Coding Camp 2026/Dataset_Cleaned/Plastic/Plastic_046.jpg,Plastic_046.jpg,Plastic,5,300,300,RGB,train
/content/drive/MyDrive/Capstone Coding Camp 2026/Dataset_Cleaned/Paper/Paper_153.jpg,Paper_153.jpg,Paper,4,300,300,RGB,train
/content/drive/MyDrive/Capstone Coding Camp 2026/Dataset_Cleaned/Organic/Organic_024.jpg,Organic_024.jpg,Organic,3,300,300,RGB,train
/content/drive/MyDrive/Capstone Coding Camp 2026/Dataset_Cleaned/Plastic/Plastic_176.jpg,Plastic_176.jpg,Plastic,5,300,300,RGB,train
/content/drive/MyDrive/Capstone Coding Camp 2026/Dataset_Cleaned/Metal/Metal_050.jpg,Metal_050.jpg,Metal,2,300,300,RGB,train
/content/drive/MyDrive/Capstone Coding Camp 2026/Dataset_Cleaned/Paper/Paper_029.jpg,Paper_029.jpg,Paper,4,300,300,RGB,train
/content/drive/MyDrive/Capstone Coding Camp 2026/Dataset_Cleaned/Plastic/Plastic_051.jpg,Plastic_051.jpg,Plastic,5,300,300,RGB,train
/content/drive/MyDrive/Capstone Coding Camp 2026/Dataset_Cleaned/B3/B3_106.jpg,B3_106.jpg,B3,0,300,300,RGB,train
/content/drive/MyDrive/Capstone Coding Camp 2026/Dataset_Cleaned/Paper/Paper_095.jpg,Paper_095.jpg,Paper,4,300,300,RGB,train
/content/drive/MyDrive/Capstone Coding Camp 2026/Dataset_Cleaned/Organic/Organic_128.jpg,Organic_128.jpg,Organic,3,300,300,RGB,train
/content/drive/MyDrive/Capstone Coding Camp 2026/Dataset_Cleaned/Metal/Metal_120.jpg,Metal_120.jpg,Metal,2,300,300,RGB,train
/content/drive/MyDrive/Capstone Coding Camp 2026/Dataset_Cleaned/Organic/Organic_080.jpg,Organic_080.jpg,Organic,3,300,300,RGB,train
/content/drive/MyDrive/Capstone Coding Camp 2026/Dataset_Cleaned/Plastic/Plastic_191.jpg,Plastic_191.jpg,Plastic,5,300,300,RGB,train
/content/drive/MyDrive/Capstone Coding Camp 2026/Dataset_Cleaned/Organic/Organic_028.jpg,Organic_028.jpg,Organic,3,300,300,RGB,train
/content/drive/MyDrive/Capstone Coding Camp 2026/Dataset_Cleaned/Glass/Glass_177.jpg,Glass_177.jpg,Glass,1,300,300,RGB,train
/content/drive/MyDrive/Capstone Coding Camp 2026/Dataset_Cleaned/Plastic/Plastic_040.jpg,Plastic_040.jpg,Plastic,5,300,300,RGB,train
/content/drive/MyDrive/Capstone Coding Camp 2026/Dataset_Cleaned/B3/B3_150.jpg,B3_150.jpg,B3,0,300,300,RGB,train
/content/drive/MyDrive/Capstone Coding Camp 2026/Dataset_Cleaned/Plastic/Plastic_113.jpg,Plastic_113.jpg,Plastic,5,300,300,RGB,train
/content/drive/MyDrive/Capstone Coding Camp 2026/Dataset_Cleaned/Plastic/Plastic_150.jpg,Plastic_150.jpg,Plastic,5,300,300,RGB,train
/content/drive/MyDrive/Capstone Coding Camp 2026/Dataset_Cleaned/Metal/Metal_068.jpg,Metal_068.jpg,Metal,2,300,300,RGB,train
/content/drive/MyDrive/Capstone Coding Camp 2026/Dataset_Cleaned/Paper/Paper_100.jpg,Paper_100.jpg,Paper,4,300,300,RGB,train
/content/drive/MyDrive/Capstone Coding Camp 2026/Dataset_Cleaned/Paper/Paper_157.jpg,Paper_157.jpg,Paper,4,300,300,RGB,train
/content/drive/MyDrive/Capstone Coding Camp 2026/Dataset_Cleaned/Plastic/Plastic_111.jpg,Plastic_111.jpg,Plastic,5,300,300,RGB,train
/content/drive/MyDrive/Capstone Coding Camp 2026/Dataset_Cleaned/Organic/Organic_159.jpg,Organic_159.jpg,Organic,3,300,300,RGB,train
/content/drive/MyDrive/Capstone Coding Camp 2026/Dataset_Cleaned/B3/B3_166.jpg,B3_166.jpg,B3,0,300,300,RGB,train
/content/drive/MyDrive/Capstone Coding Camp 2026/Dataset_Cleaned/Glass/Glass_184.jpg,Glass_184.jpg,Glass,1,300,300,RGB,train
/content/drive/MyDrive/Capstone Coding Camp 2026/Dataset_Cleaned/Paper/Paper_170.jpg,Paper_170.jpg,Paper,4,300,300,RGB,train
/content/drive/MyDrive/Capstone Coding Camp 2026/Dataset_Cleaned/Glass/Glass_137.jpg,Glass_137.jpg,Glass,1,300,300,RGB,train
/content/drive/MyDrive/Capstone Coding Camp 2026/Dataset_Cleaned/Glass/Glass_166.jpg,Glass_166.jpg,Glass,1,300,300,RGB,train
/content/drive/MyDrive/Capstone Coding Camp 2026/Dataset_Cleaned/Paper/Paper_154.jpg,Paper_154.jpg,Paper,4,300,300,RGB,train
/content/drive/MyDrive/Capstone Coding Camp 2026/Dataset_Cleaned/B3/B3_032.jpg,B3_032.jpg,B3,0,300,300,RGB,train
/content/drive/MyDrive/Capstone Coding Camp 2026/Dataset_Cleaned/Metal/Metal_167.jpg,Metal_167.jpg,Metal,2,300,300,RGB,train
/content/drive/MyDrive/Capstone Coding Camp 2026/Dataset_Cleaned/B3/B3_055.jpg,B3_055.jpg,B3,0,300,300,RGB,train
/content/drive/MyDrive/Capstone Coding Camp 2026/Dataset_Cleaned/Organic/Organic_060.jpg,Organic_060.jpg,Organic,3,300,300,RGB,train
/content/drive/MyDrive/Capstone Coding Camp 2026/Dataset_Cleaned/B3/B3_098.jpg,B3_098.jpg,B3,0,300,300,RGB,train
/content/drive/MyDrive/Capstone Coding Camp 2026/Dataset_Cleaned/Organic/Organic_101.jpg,Organic_101.jpg,Organic,3,300,300,RGB,train
/content/drive/MyDrive/Capstone Coding Camp 2026/Dataset_Cleaned/B3/B3_132.jpg,B3_132.jpg,B3,0,300,300,RGB,train
/content/drive/MyDrive/Capstone Coding Camp 2026/Dataset_Cleaned/Metal/Metal_107.jpg,Metal_107.jpg,Metal,2,300,300,RGB,train
/content/drive/MyDrive/Capstone Coding Camp 2026/Dataset_Cleaned/Paper/Paper_124.jpg,Paper_124.jpg,Paper,4,300,300,RGB,train
/content/drive/MyDrive/Capstone Coding Camp 2026/Dataset_Cleaned/Paper/Paper_026.jpg,Paper_026.jpg,Paper,4,300,300,RGB,train
/content/drive/MyDrive/Capstone Coding Camp 2026/Dataset_Cleaned/Paper/Paper_181.jpg,Paper_181.jpg,Paper,4,300,300,RGB,train
/content/drive/MyDrive/Capstone Coding Camp 2026/Dataset_Cleaned/B3/B3_004.jpg,B3_004.jpg,B3,0,300,300,RGB,train
/content/drive/MyDrive/Capstone Coding Camp 2026/Dataset_Cleaned/Glass/Glass_199.jpg,Glass_199.jpg,Glass,1,300,300,RGB,train
/content/drive/MyDrive/Capstone Coding Camp 2026/Dataset_Cleaned/Metal/Metal_011.jpg,Metal_011.jpg,Metal,2,300,300,RGB,train
/content/drive/MyDrive/Capstone Coding Camp 2026/Dataset_Cleaned/Glass/Glass_005.jpg,Glass_005.jpg,Glass,1,300,300,RGB,train
/content/drive/MyDrive/Capstone Coding Camp 2026/Dataset_Cleaned/Paper/Paper_188.jpg,Paper_188.jpg,Paper,4,300,300,RGB,train
/content/drive/MyDrive/Capstone Coding Camp 2026/Dataset_Cleaned/Glass/Glass_111.jpg,Glass_111.jpg,Glass,1,300,300,RGB,train
/content/drive/MyDrive/Capstone Coding Camp 2026/Dataset_Cleaned/Paper/Paper_118.jpg,Paper_118.jpg,Paper,4,300,300,RGB,train
/content/drive/MyDrive/Capstone Coding Camp 2026/Dataset_Cleaned/Glass/Glass_150.jpg,Glass_150.jpg,Glass,1,300,300,RGB,train
/content/drive/MyDrive/Capstone Coding Camp 2026/Dataset_Cleaned/Metal/Metal_038.jpg,Metal_038.jpg,Metal,2,300,300,RGB,train
/content/drive/MyDrive/Capstone Coding Camp 2026/Dataset_Cleaned/Paper/Paper_056.jpg,Paper_056.jpg,Paper,4,300,300,RGB,train
/content/drive/MyDrive/Capstone Coding Camp 2026/Dataset_Cleaned/Metal/Metal_092.jpg,Metal_092.jpg,Metal,2,300,300,RGB,train
/content/drive/MyDrive/Capstone Coding Camp 2026/Dataset_Cleaned/Glass/Glass_188.jpg,Glass_188.jpg,Glass,1,300,300,RGB,train
/content/drive/MyDrive/Capstone Coding Camp 2026/Dataset_Cleaned/Metal/Metal_129.jpg,Metal_129.jpg,Metal,2,300,300,RGB,train
/content/drive/MyDrive/Capstone Coding Camp 2026/Dataset_Cleaned/Metal/Metal_195.jpg,Metal_195.jpg,Metal,2,300,300,RGB,train
/content/drive/MyDrive/Capstone Coding Camp 2026/Dataset_Cleaned/Plastic/Plastic_118.jpg,Plastic_118.jpg,Plastic,5,300,300,RGB,train
/content/drive/MyDrive/Capstone Coding Camp 2026/Dataset_Cleaned/Metal/Metal_181.jpg,Metal_181.jpg,Metal,2,300,300,RGB,train
/content/drive/MyDrive/Capstone Coding Camp 2026/Dataset_Cleaned/Metal/Metal_163.jpg,Metal_163.jpg,Metal,2,300,300,RGB,train
/content/drive/MyDrive/Capstone Coding Camp 2026/Dataset_Cleaned/Glass/Glass_195.jpg,Glass_195.jpg,Glass,1,300,300,RGB,train
/content/drive/MyDrive/Capstone Coding Camp 2026/Dataset_Cleaned/Plastic/Plastic_055.jpg,Plastic_055.jpg,Plastic,5,300,300,RGB,train
/content/drive/MyDrive/Capstone Coding Camp 2026/Dataset_Cleaned/Organic/Organic_042.jpg,Organic_042.jpg,Organic,3,300,300,RGB,train
/content/drive/MyDrive/Capstone Coding Camp 2026/Dataset_Cleaned/Glass/Glass_012.jpg,Glass_012.jpg,Glass,1,300,300,RGB,train
/content/drive/MyDrive/Capstone Coding Camp 2026/Dataset_Cleaned/Metal/Metal_059.jpg,Metal_059.jpg,Metal,2,300,300,RGB,train
/content/drive/MyDrive/Capstone Coding Camp 2026/Dataset_Cleaned/Paper/Paper_020.jpg,Paper_020.jpg,Paper,4,300,300,RGB,train
/content/drive/MyDrive/Capstone Coding Camp 2026/Dataset_Cleaned/Paper/Paper_180.jpg,Paper_180.jpg,Paper,4,300,300,RGB,train
/content/drive/MyDrive/Capstone Coding Camp 2026/Dataset_Cleaned/Metal/Metal_188.jpg,Metal_188.jpg,Metal,2,300,300,RGB,train
/content/drive/MyDrive/Capstone Coding Camp 2026/Dataset_Cleaned/B3/B3_038.jpg,B3_038.jpg,B3,0,300,300,RGB,train
/content/drive/MyDrive/Capstone Coding Camp 2026/Dataset_Cleaned/Glass/Glass_131.jpg,Glass_131.jpg,Glass,1,300,300,RGB,train
/content/drive/MyDrive/Capstone Coding Camp 2026/Dataset_Cleaned/Plastic/Plastic_166.jpg,Plastic_166.jpg,Plastic,5,300,300,RGB,train
/content/drive/MyDrive/Capstone Coding Camp 2026/Dataset_Cleaned/Glass/Glass_098.jpg,Glass_098.jpg,Glass,1,300,300,RGB,train
/content/drive/MyDrive/Capstone Coding Camp 2026/Dataset_Cleaned/B3/B3_068.jpg,B3_068.jpg,B3,0,300,300,RGB,train
/content/drive/MyDrive/Capstone Coding Camp 2026/Dataset_Cleaned/Glass/Glass_087.jpg,Glass_087.jpg,Glass,1,300,300,RGB,train
/content/drive/MyDrive/Capstone Coding Camp 2026/Dataset_Cleaned/B3/B3_134.jpg,B3_134.jpg,B3,0,300,300,RGB,train
/content/drive/MyDrive/Capstone Coding Camp 2026/Dataset_Cleaned/Paper/Paper_080.jpg,Paper_080.jpg,Paper,4,300,300,RGB,train
/content/drive/MyDrive/Capstone Coding Camp 2026/Dataset_Cleaned/Plastic/Plastic_032.jpg,Plastic_032.jpg,Plastic,5,300,300,RGB,train
/content/drive/MyDrive/Capstone Coding Camp 2026/Dataset_Cleaned/Organic/Organic_138.jpg,Organic_138.jpg,Organic,3,300,300,RGB,train
/content/drive/MyDrive/Capstone Coding Camp 2026/Dataset_Cleaned/B3/B3_027.jpg,B3_027.jpg,B3,0,300,300,RGB,train
/content/drive/MyDrive/Capstone Coding Camp 2026/Dataset_Cleaned/Paper/Paper_186.jpg,Paper_186.jpg,Paper,4,300,300,RGB,train
/content/drive/MyDrive/Capstone Coding Camp 2026/Dataset_Cleaned/Plastic/Plastic_002.jpg,Plastic_002.jpg,Plastic,5,300,300,RGB,train
/content/drive/MyDrive/Capstone Coding Camp 2026/Dataset_Cleaned/B3/B3_154.jpg,B3_154.jpg,B3,0,300,300,RGB,train
/content/drive/MyDrive/Capstone Coding Camp 2026/Dataset_Cleaned/Glass/Glass_144.jpg,Glass_144.jpg,Glass,1,300,300,RGB,train
/content/drive/MyDrive/Capstone Coding Camp 2026/Dataset_Cleaned/Organic/Organic_112.jpg,Organic_112.jpg,Organic,3,300,300,RGB,train
/content/drive/MyDrive/Capstone Coding Camp 2026/Dataset_Cleaned/B3/B3_081.jpg,B3_081.jpg,B3,0,300,300,RGB,train
/content/drive/MyDrive/Capstone Coding Camp 2026/Dataset_Cleaned/Metal/Metal_005.jpg,Metal_005.jpg,Metal,2,300,300,RGB,train
/content/drive/MyDrive/Capstone Coding Camp 2026/Dataset_Cleaned/Paper/Paper_082.jpg,Paper_082.jpg,Paper,4,300,300,RGB,train
/content/drive/MyDrive/Capstone Coding Camp 2026/Dataset_Cleaned/Metal/Metal_085.jpg,Metal_085.jpg,Metal,2,300,300,RGB,train
/content/drive/MyDrive/Capstone Coding Camp 2026/Dataset_Cleaned/B3/B3_193.jpg,B3_193.jpg,B3,0,300,300,RGB,train
/content/drive/MyDrive/Capstone Coding Camp 2026/Dataset_Cleaned/Glass/Glass_064.jpg,Glass_064.jpg,Glass,1,300,300,RGB,train
/content/drive/MyDrive/Capstone Coding Camp 2026/Dataset_Cleaned/Paper/Paper_129.jpg,Paper_129.jpg,Paper,4,300,300,RGB,train
/content/drive/MyDrive/Capstone Coding Camp 2026/Dataset_Cleaned/Metal/Metal_055.jpg,Metal_055.jpg,Metal,2,300,300,RGB,train
/content/drive/MyDrive/Capstone Coding Camp 2026/Dataset_Cleaned/Organic/Organic_194.jpg,Organic_194.jpg,Organic,3,300,300,RGB,train
/content/drive/MyDrive/Capstone Coding Camp 2026/Dataset_Cleaned/Paper/Paper_077.jpg,Paper_077.jpg,Paper,4,300,300,RGB,train
/content/drive/MyDrive/Capstone Coding Camp 2026/Dataset_Cleaned/Organic/Organic_073.jpg,Organic_073.jpg,Organic,3,300,300,RGB,train
/content/drive/MyDrive/Capstone Coding Camp 2026/Dataset_Cleaned/Paper/Paper_119.jpg,Paper_119.jpg,Paper,4,300,300,RGB,train
/content/drive/MyDrive/Capstone Coding Camp 2026/Dataset_Cleaned/Glass/Glass_079.jpg,Glass_079.jpg,Glass,1,300,300,RGB,train
/content/drive/MyDrive/Capstone Coding Camp 2026/Dataset_Cleaned/B3/B3_083.jpg,B3_083.jpg,B3,0,300,300,RGB,train
/content/drive/MyDrive/Capstone Coding Camp 2026/Dataset_Cleaned/B3/B3_149.jpg,B3_149.jpg,B3,0,300,300,RGB,train
/content/drive/MyDrive/Capstone Coding Camp 2026/Dataset_Cleaned/Organic/Organic_118.jpg,Organic_118.jpg,Organic,3,300,300,RGB,train
/content/drive/MyDrive/Capstone Coding Camp 2026/Dataset_Cleaned/Paper/Paper_071.jpg,Paper_071.jpg,Paper,4,300,300,RGB,train
/content/drive/MyDrive/Capstone Coding Camp 2026/Dataset_Cleaned/Glass/Glass_135.jpg,Glass_135.jpg,Glass,1,300,300,RGB,train
/content/drive/MyDrive/Capstone Coding Camp 2026/Dataset_Cleaned/B3/B3_129.jpg,B3_129.jpg,B3,0,300,300,RGB,train
/content/drive/MyDrive/Capstone Coding Camp 2026/Dataset_Cleaned/Organic/Organic_134.jpg,Organic_134.jpg,Organic,3,300,300,RGB,train
/content/drive/MyDrive/Capstone Coding Camp 2026/Dataset_Cleaned/B3/B3_108.jpg,B3_108.jpg,B3,0,300,300,RGB,train
/content/drive/MyDrive/Capstone Coding Camp 2026/Dataset_Cleaned/Organic/Organic_110.jpg,Organic_110.jpg,Organic,3,300,300,RGB,train
/content/drive/MyDrive/Capstone Coding Camp 2026/Dataset_Cleaned/Plastic/Plastic_084.jpg,Plastic_084.jpg,Plastic,5,300,300,RGB,train
/content/drive/MyDrive/Capstone Coding Camp 2026/Dataset_Cleaned/B3/B3_123.jpg,B3_123.jpg,B3,0,300,300,RGB,train
/content/drive/MyDrive/Capstone Coding Camp 2026/Dataset_Cleaned/Paper/Paper_054.jpg,Paper_054.jpg,Paper,4,300,300,RGB,train
/content/drive/MyDrive/Capstone Coding Camp 2026/Dataset_Cleaned/Glass/Glass_151.jpg,Glass_151.jpg,Glass,1,300,300,RGB,train
/content/drive/MyDrive/Capstone Coding Camp 2026/Dataset_Cleaned/Organic/Organic_022.jpg,Organic_022.jpg,Organic,3,300,300,RGB,train
/content/drive/MyDrive/Capstone Coding Camp 2026/Dataset_Cleaned/Organic/Organic_119.jpg,Organic_119.jpg,Organic,3,300,300,RGB,train
/content/drive/MyDrive/Capstone Coding Camp 2026/Dataset_Cleaned/Plastic/Plastic_090.jpg,Plastic_090.jpg,Plastic,5,300,300,RGB,train
/content/drive/MyDrive/Capstone Coding Camp 2026/Dataset_Cleaned/Metal/Metal_154.jpg,Metal_154.jpg,Metal,2,300,300,RGB,train
/content/drive/MyDrive/Capstone Coding Camp 2026/Dataset_Cleaned/Organic/Organic_076.jpg,Organic_076.jpg,Organic,3,300,300,RGB,train
/content/drive/MyDrive/Capstone Coding Camp 2026/Dataset_Cleaned/Paper/Paper_169.jpg,Paper_169.jpg,Paper,4,300,300,RGB,train
/content/drive/MyDrive/Capstone Coding Camp 2026/Dataset_Cleaned/Paper/Paper_050.jpg,Paper_050.jpg,Paper,4,300,300,RGB,train
/content/drive/MyDrive/Capstone Coding Camp 2026/Dataset_Cleaned/Glass/Glass_054.jpg,Glass_054.jpg,Glass,1,300,300,RGB,train
/content/drive/MyDrive/Capstone Coding Camp 2026/Dataset_Cleaned/Metal/Metal_015.jpg,Metal_015.jpg,Metal,2,300,300,RGB,train
/content/drive/MyDrive/Capstone Coding Camp 2026/Dataset_Cleaned/Metal/Metal_053.jpg,Metal_053.jpg,Metal,2,300,300,RGB,train
/content/drive/MyDrive/Capstone Coding Camp 2026/Dataset_Cleaned/Plastic/Plastic_124.jpg,Plastic_124.jpg,Plastic,5,300,300,RGB,train
/content/drive/MyDrive/Capstone Coding Camp 2026/Dataset_Cleaned/Glass/Glass_169.jpg,Glass_169.jpg,Glass,1,300,300,RGB,train
/content/drive/MyDrive/Capstone Coding Camp 2026/Dataset_Cleaned/Paper/Paper_151.jpg,Paper_151.jpg,Paper,4,300,300,RGB,train
/content/drive/MyDrive/Capstone Coding Camp 2026/Dataset_Cleaned/Paper/Paper_172.jpg,Paper_172.jpg,Paper,4,300,300,RGB,train
/content/drive/MyDrive/Capstone Coding Camp 2026/Dataset_Cleaned/Metal/Metal_026.jpg,Metal_026.jpg,Metal,2,300,300,RGB,train
/content/drive/MyDrive/Capstone Coding Camp 2026/Dataset_Cleaned/Metal/Metal_017.jpg,Metal_017.jpg,Metal,2,300,300,RGB,train
/content/drive/MyDrive/Capstone Coding Camp 2026/Dataset_Cleaned/Plastic/Plastic_053.jpg,Plastic_053.jpg,Plastic,5,300,300,RGB,train
/content/drive/MyDrive/Capstone Coding Camp 2026/Dataset_Cleaned/Metal/Metal_073.jpg,Metal_073.jpg,Metal,2,300,300,RGB,train
/content/drive/MyDrive/Capstone Coding Camp 2026/Dataset_Cleaned/Organic/Organic_074.jpg,Organic_074.jpg,Organic,3,300,300,RGB,train
/content/drive/MyDrive/Capstone Coding Camp 2026/Dataset_Cleaned/Organic/Organic_147.jpg,Organic_147.jpg,Organic,3,300,300,RGB,train
/content/drive/MyDrive/Capstone Coding Camp 2026/Dataset_Cleaned/Organic/Organic_071.jpg,Organic_071.jpg,Organic,3,300,300,RGB,train
/content/drive/MyDrive/Capstone Coding Camp 2026/Dataset_Cleaned/B3/B3_058.jpg,B3_058.jpg,B3,0,300,300,RGB,train
/content/drive/MyDrive/Capstone Coding Camp 2026/Dataset_Cleaned/Glass/Glass_036.jpg,Glass_036.jpg,Glass,1,300,300,RGB,train
/content/drive/MyDrive/Capstone Coding Camp 2026/Dataset_Cleaned/Plastic/Plastic_172.jpg,Plastic_172.jpg,Plastic,5,300,300,RGB,train
/content/drive/MyDrive/Capstone Coding Camp 2026/Dataset_Cleaned/B3/B3_044.jpg,B3_044.jpg,B3,0,300,300,RGB,train
/content/drive/MyDrive/Capstone Coding Camp 2026/Dataset_Cleaned/Organic/Organic_043.jpg,Organic_043.jpg,Organic,3,300,300,RGB,train
/content/drive/MyDrive/Capstone Coding Camp 2026/Dataset_Cleaned/Organic/Organic_048.jpg,Organic_048.jpg,Organic,3,300,300,RGB,train
/content/drive/MyDrive/Capstone Coding Camp 2026/Dataset_Cleaned/Metal/Metal_150.jpg,Metal_150.jpg,Metal,2,300,300,RGB,train
/content/drive/MyDrive/Capstone Coding Camp 2026/Dataset_Cleaned/B3/B3_178.jpg,B3_178.jpg,B3,0,300,300,RGB,train
/content/drive/MyDrive/Capstone Coding Camp 2026/Dataset_Cleaned/Plastic/Plastic_132.jpg,Plastic_132.jpg,Plastic,5,300,300,RGB,train
/content/drive/MyDrive/Capstone Coding Camp 2026/Dataset_Cleaned/Metal/Metal_040.jpg,Metal_040.jpg,Metal,2,300,300,RGB,train
/content/drive/MyDrive/Capstone Coding Camp 2026/Dataset_Cleaned/Organic/Organic_082.jpg,Organic_082.jpg,Organic,3,300,300,RGB,train
/content/drive/MyDrive/Capstone Coding Camp 2026/Dataset_Cleaned/B3/B3_138.jpg,B3_138.jpg,B3,0,300,300,RGB,train
/content/drive/MyDrive/Capstone Coding Camp 2026/Dataset_Cleaned/Plastic/Plastic_163.jpg,Plastic_163.jpg,Plastic,5,300,300,RGB,train
/content/drive/MyDrive/Capstone Coding Camp 2026/Dataset_Cleaned/Plastic/Plastic_097.jpg,Plastic_097.jpg,Plastic,5,300,300,RGB,train
/content/drive/MyDrive/Capstone Coding Camp 2026/Dataset_Cleaned/Metal/Metal_126.jpg,Metal_126.jpg,Metal,2,300,300,RGB,train
/content/drive/MyDrive/Capstone Coding Camp 2026/Dataset_Cleaned/Glass/Glass_189.jpg,Glass_189.jpg,Glass,1,300,300,RGB,train
/content/drive/MyDrive/Capstone Coding Camp 2026/Dataset_Cleaned/Glass/Glass_132.jpg,Glass_132.jpg,Glass,1,300,300,RGB,train
/content/drive/MyDrive/Capstone Coding Camp 2026/Dataset_Cleaned/Metal/Metal_119.jpg,Metal_119.jpg,Metal,2,300,300,RGB,train
/content/drive/MyDrive/Capstone Coding Camp 2026/Dataset_Cleaned/Glass/Glass_183.jpg,Glass_183.jpg,Glass,1,300,300,RGB,train
/content/drive/MyDrive/Capstone Coding Camp 2026/Dataset_Cleaned/Metal/Metal_102.jpg,Metal_102.jpg,Metal,2,300,300,RGB,train
/content/drive/MyDrive/Capstone Coding Camp 2026/Dataset_Cleaned/Paper/Paper_089.jpg,Paper_089.jpg,Paper,4,300,300,RGB,train
/content/drive/MyDrive/Capstone Coding Camp 2026/Dataset_Cleaned/Organic/Organic_158.jpg,Organic_158.jpg,Organic,3,300,300,RGB,train
/content/drive/MyDrive/Capstone Coding Camp 2026/Dataset_Cleaned/B3/B3_159.jpg,B3_159.jpg,B3,0,300,300,RGB,train
/content/drive/MyDrive/Capstone Coding Camp 2026/Dataset_Cleaned/Paper/Paper_108.jpg,Paper_108.jpg,Paper,4,300,300,RGB,train
/content/drive/MyDrive/Capstone Coding Camp 2026/Dataset_Cleaned/Plastic/Plastic_102.jpg,Plastic_102.jpg,Plastic,5,300,300,RGB,train
/content/drive/MyDrive/Capstone Coding Camp 2026/Dataset_Cleaned/Glass/Glass_142.jpg,Glass_142.jpg,Glass,1,300,300,RGB,train
/content/drive/MyDrive/Capstone Coding Camp 2026/Dataset_Cleaned/Plastic/Plastic_011.jpg,Plastic_011.jpg,Plastic,5,300,300,RGB,train
/content/drive/MyDrive/Capstone Coding Camp 2026/Dataset_Cleaned/Organic/Organic_123.jpg,Organic_123.jpg,Organic,3,300,300,RGB,train
/content/drive/MyDrive/Capstone Coding Camp 2026/Dataset_Cleaned/Organic/Organic_040.jpg,Organic_040.jpg,Organic,3,300,300,RGB,train
/content/drive/MyDrive/Capstone Coding Camp 2026/Dataset_Cleaned/Organic/Organic_006.jpg,Organic_006.jpg,Organic,3,300,300,RGB,train
/content/drive/MyDrive/Capstone Coding Camp 2026/Dataset_Cleaned/Paper/Paper_178.jpg,Paper_178.jpg,Paper,4,300,300,RGB,train
/content/drive/MyDrive/Capstone Coding Camp 2026/Dataset_Cleaned/B3/B3_040.jpg,B3_040.jpg,B3,0,300,300,RGB,train
/content/drive/MyDrive/Capstone Coding Camp 2026/Dataset_Cleaned/B3/B3_176.jpg,B3_176.jpg,B3,0,300,300,RGB,train
/content/drive/MyDrive/Capstone Coding Camp 2026/Dataset_Cleaned/Metal/Metal_009.jpg,Metal_009.jpg,Metal,2,300,300,RGB,train
/content/drive/MyDrive/Capstone Coding Camp 2026/Dataset_Cleaned/B3/B3_023.jpg,B3_023.jpg,B3,0,300,300,RGB,train
/content/drive/MyDrive/Capstone Coding Camp 2026/Dataset_Cleaned/B3/B3_070.jpg,B3_070.jpg,B3,0,300,300,RGB,train
/content/drive/MyDrive/Capstone Coding Camp 2026/Dataset_Cleaned/Organic/Organic_136.jpg,Organic_136.jpg,Organic,3,300,300,RGB,train
/content/drive/MyDrive/Capstone Coding Camp 2026/Dataset_Cleaned/Plastic/Plastic_143.jpg,Plastic_143.jpg,Plastic,5,300,300,RGB,train
/content/drive/MyDrive/Capstone Coding Camp 2026/Dataset_Cleaned/Metal/Metal_187.jpg,Metal_187.jpg,Metal,2,300,300,RGB,train
/content/drive/MyDrive/Capstone Coding Camp 2026/Dataset_Cleaned/Glass/Glass_070.jpg,Glass_070.jpg,Glass,1,300,300,RGB,train
/content/drive/MyDrive/Capstone Coding Camp 2026/Dataset_Cleaned/B3/B3_191.jpg,B3_191.jpg,B3,0,300,300,RGB,train
/content/drive/MyDrive/Capstone Coding Camp 2026/Dataset_Cleaned/Metal/Metal_028.jpg,Metal_028.jpg,Metal,2,300,300,RGB,train
/content/drive/MyDrive/Capstone Coding Camp 2026/Dataset_Cleaned/Glass/Glass_072.jpg,Glass_072.jpg,Glass,1,300,300,RGB,train
/content/drive/MyDrive/Capstone Coding Camp 2026/Dataset_Cleaned/Paper/Paper_175.jpg,Paper_175.jpg,Paper,4,300,300,RGB,train
/content/drive/MyDrive/Capstone Coding Camp 2026/Dataset_Cleaned/Organic/Organic_115.jpg,Organic_115.jpg,Organic,3,300,300,RGB,train
/content/drive/MyDrive/Capstone Coding Camp 2026/Dataset_Cleaned/B3/B3_080.jpg,B3_080.jpg,B3,0,300,300,RGB,train
/content/drive/MyDrive/Capstone Coding Camp 2026/Dataset_Cleaned/Organic/Organic_078.jpg,Organic_078.jpg,Organic,3,300,300,RGB,train
/content/drive/MyDrive/Capstone Coding Camp 2026/Dataset_Cleaned/Plastic/Plastic_022.jpg,Plastic_022.jpg,Plastic,5,300,300,RGB,train
/content/drive/MyDrive/Capstone Coding Camp 2026/Dataset_Cleaned/Metal/Metal_016.jpg,Metal_016.jpg,Metal,2,300,300,RGB,train
/content/drive/MyDrive/Capstone Coding Camp 2026/Dataset_Cleaned/Glass/Glass_104.jpg,Glass_104.jpg,Glass,1,300,300,RGB,train
/content/drive/MyDrive/Capstone Coding Camp 2026/Dataset_Cleaned/Glass/Glass_165.jpg,Glass_165.jpg,Glass,1,300,300,RGB,train
/content/drive/MyDrive/Capstone Coding Camp 2026/Dataset_Cleaned/Paper/Paper_030.jpg,Paper_030.jpg,Paper,4,300,300,RGB,train
/content/drive/MyDrive/Capstone Coding Camp 2026/Dataset_Cleaned/Glass/Glass_023.jpg,Glass_023.jpg,Glass,1,300,300,RGB,train
/content/drive/MyDrive/Capstone Coding Camp 2026/Dataset_Cleaned/Organic/Organic_061.jpg,Organic_061.jpg,Organic,3,300,300,RGB,train
/content/drive/MyDrive/Capstone Coding Camp 2026/Dataset_Cleaned/Paper/Paper_022.jpg,Paper_022.jpg,Paper,4,300,300,RGB,train
/content/drive/MyDrive/Capstone Coding Camp 2026/Dataset_Cleaned/Plastic/Plastic_089.jpg,Plastic_089.jpg,Plastic,5,300,300,RGB,train
/content/drive/MyDrive/Capstone Coding Camp 2026/Dataset_Cleaned/Paper/Paper_011.jpg,Paper_011.jpg,Paper,4,300,300,RGB,train
/content/drive/MyDrive/Capstone Coding Camp 2026/Dataset_Cleaned/Paper/Paper_138.jpg,Paper_138.jpg,Paper,4,300,300,RGB,train
/content/drive/MyDrive/Capstone Coding Camp 2026/Dataset_Cleaned/Plastic/Plastic_064.jpg,Plastic_064.jpg,Plastic,5,300,300,RGB,train
/content/drive/MyDrive/Capstone Coding Camp 2026/Dataset_Cleaned/Plastic/Plastic_134.jpg,Plastic_134.jpg,Plastic,5,300,300,RGB,train
/content/drive/MyDrive/Capstone Coding Camp 2026/Dataset_Cleaned/Glass/Glass_194.jpg,Glass_194.jpg,Glass,1,300,300,RGB,train
/content/drive/MyDrive/Capstone Coding Camp 2026/Dataset_Cleaned/B3/B3_050.jpg,B3_050.jpg,B3,0,300,300,RGB,train
/content/drive/MyDrive/Capstone Coding Camp 2026/Dataset_Cleaned/Glass/Glass_077.jpg,Glass_077.jpg,Glass,1,300,300,RGB,train
/content/drive/MyDrive/Capstone Coding Camp 2026/Dataset_Cleaned/B3/B3_100.jpg,B3_100.jpg,B3,0,300,300,RGB,train
/content/drive/MyDrive/Capstone Coding Camp 2026/Dataset_Cleaned/Plastic/Plastic_184.jpg,Plastic_184.jpg,Plastic,5,300,300,RGB,train
/content/drive/MyDrive/Capstone Coding Camp 2026/Dataset_Cleaned/Metal/Metal_161.jpg,Metal_161.jpg,Metal,2,300,300,RGB,train
/content/drive/MyDrive/Capstone Coding Camp 2026/Dataset_Cleaned/Metal/Metal_146.jpg,Metal_146.jpg,Metal,2,300,300,RGB,train
/content/drive/MyDrive/Capstone Coding Camp 2026/Dataset_Cleaned/Organic/Organic_009.jpg,Organic_009.jpg,Organic,3,300,300,RGB,train
/content/drive/MyDrive/Capstone Coding Camp 2026/Dataset_Cleaned/Plastic/Plastic_145.jpg,Plastic_145.jpg,Plastic,5,300,300,RGB,train
/content/drive/MyDrive/Capstone Coding Camp 2026/Dataset_Cleaned/Paper/Paper_028.jpg,Paper_028.jpg,Paper,4,300,300,RGB,train
/content/drive/MyDrive/Capstone Coding Camp 2026/Dataset_Cleaned/Paper/Paper_142.jpg,Paper_142.jpg,Paper,4,300,300,RGB,train
/content/drive/MyDrive/Capstone Coding Camp 2026/Dataset_Cleaned/Plastic/Plastic_083.jpg,Plastic_083.jpg,Plastic,5,300,300,RGB,train
/content/drive/MyDrive/Capstone Coding Camp 2026/Dataset_Cleaned/Metal/Metal_070.jpg,Metal_070.jpg,Metal,2,300,300,RGB,train
/content/drive/MyDrive/Capstone Coding Camp 2026/Dataset_Cleaned/Metal/Metal_100.jpg,Metal_100.jpg,Metal,2,300,300,RGB,train
/content/drive/MyDrive/Capstone Coding Camp 2026/Dataset_Cleaned/Glass/Glass_146.jpg,Glass_146.jpg,Glass,1,300,300,RGB,train
/content/drive/MyDrive/Capstone Coding Camp 2026/Dataset_Cleaned/B3/B3_168.jpg,B3_168.jpg,B3,0,300,300,RGB,train
/content/drive/MyDrive/Capstone Coding Camp 2026/Dataset_Cleaned/Paper/Paper_167.jpg,Paper_167.jpg,Paper,4,300,300,RGB,train
/content/drive/MyDrive/Capstone Coding Camp 2026/Dataset_Cleaned/Organic/Organic_066.jpg,Organic_066.jpg,Organic,3,300,300,RGB,train
/content/drive/MyDrive/Capstone Coding Camp 2026/Dataset_Cleaned/Glass/Glass_130.jpg,Glass_130.jpg,Glass,1,300,300,RGB,train
/content/drive/MyDrive/Capstone Coding Camp 2026/Dataset_Cleaned/Glass/Glass_181.jpg,Glass_181.jpg,Glass,1,300,300,RGB,train
/content/drive/MyDrive/Capstone Coding Camp 2026/Dataset_Cleaned/Organic/Organic_125.jpg,Organic_125.jpg,Organic,3,300,300,RGB,train
/content/drive/MyDrive/Capstone Coding Camp 2026/Dataset_Cleaned/Plastic/Plastic_139.jpg,Plastic_139.jpg,Plastic,5,300,300,RGB,train
/content/drive/MyDrive/Capstone Coding Camp 2026/Dataset_Cleaned/Glass/Glass_147.jpg,Glass_147.jpg,Glass,1,300,300,RGB,train
/content/drive/MyDrive/Capstone Coding Camp 2026/Dataset_Cleaned/Organic/Organic_096.jpg,Organic_096.jpg,Organic,3,300,300,RGB,train
/content/drive/MyDrive/Capstone Coding Camp 2026/Dataset_Cleaned/Metal/Metal_155.jpg,Metal_155.jpg,Metal,2,300,300,RGB,train
/content/drive/MyDrive/Capstone Coding Camp 2026/Dataset_Cleaned/Plastic/Plastic_030.jpg,Plastic_030.jpg,Plastic,5,300,300,RGB,train
/content/drive/MyDrive/Capstone Coding Camp 2026/Dataset_Cleaned/B3/B3_175.jpg,B3_175.jpg,B3,0,300,300,RGB,train
/content/drive/MyDrive/Capstone Coding Camp 2026/Dataset_Cleaned/Metal/Metal_048.jpg,Metal_048.jpg,Metal,2,300,300,RGB,train
/content/drive/MyDrive/Capstone Coding Camp 2026/Dataset_Cleaned/Organic/Organic_102.jpg,Organic_102.jpg,Organic,3,300,300,RGB,train
/content/drive/MyDrive/Capstone Coding Camp 2026/Dataset_Cleaned/Glass/Glass_154.jpg,Glass_154.jpg,Glass,1,300,300,RGB,train
/content/drive/MyDrive/Capstone Coding Camp 2026/Dataset_Cleaned/Metal/Metal_130.jpg,Metal_130.jpg,Metal,2,300,300,RGB,train
/content/drive/MyDrive/Capstone Coding Camp 2026/Dataset_Cleaned/B3/B3_010.jpg,B3_010.jpg,B3,0,300,300,RGB,train
/content/drive/MyDrive/Capstone Coding Camp 2026/Dataset_Cleaned/Metal/Metal_081.jpg,Metal_081.jpg,Metal,2,300,300,RGB,train
/content/drive/MyDrive/Capstone Coding Camp 2026/Dataset_Cleaned/B3/B3_144.jpg,B3_144.jpg,B3,0,300,300,RGB,train
/content/drive/MyDrive/Capstone Coding Camp 2026/Dataset_Cleaned/Metal/Metal_069.jpg,Metal_069.jpg,Metal,2,300,300,RGB,train
/content/drive/MyDrive/Capstone Coding Camp 2026/Dataset_Cleaned/Plastic/Plastic_093.jpg,Plastic_093.jpg,Plastic,5,300,300,RGB,train
/content/drive/MyDrive/Capstone Coding Camp 2026/Dataset_Cleaned/Plastic/Plastic_151.jpg,Plastic_151.jpg,Plastic,5,300,300,RGB,train
/content/drive/MyDrive/Capstone Coding Camp 2026/Dataset_Cleaned/Plastic/Plastic_006.jpg,Plastic_006.jpg,Plastic,5,300,300,RGB,train
/content/drive/MyDrive/Capstone Coding Camp 2026/Dataset_Cleaned/Organic/Organic_130.jpg,Organic_130.jpg,Organic,3,300,300,RGB,train
/content/drive/MyDrive/Capstone Coding Camp 2026/Dataset_Cleaned/Paper/Paper_141.jpg,Paper_141.jpg,Paper,4,300,300,RGB,train
/content/drive/MyDrive/Capstone Coding Camp 2026/Dataset_Cleaned/Metal/Metal_118.jpg,Metal_118.jpg,Metal,2,300,300,RGB,train
/content/drive/MyDrive/Capstone Coding Camp 2026/Dataset_Cleaned/Plastic/Plastic_157.jpg,Plastic_157.jpg,Plastic,5,300,300,RGB,train
/content/drive/MyDrive/Capstone Coding Camp 2026/Dataset_Cleaned/B3/B3_126.jpg,B3_126.jpg,B3,0,300,300,RGB,train
/content/drive/MyDrive/Capstone Coding Camp 2026/Dataset_Cleaned/B3/B3_145.jpg,B3_145.jpg,B3,0,300,300,RGB,train
/content/drive/MyDrive/Capstone Coding Camp 2026/Dataset_Cleaned/Glass/Glass_198.jpg,Glass_198.jpg,Glass,1,300,300,RGB,train
/content/drive/MyDrive/Capstone Coding Camp 2026/Dataset_Cleaned/B3/B3_107.jpg,B3_107.jpg,B3,0,300,300,RGB,train
/content/drive/MyDrive/Capstone Coding Camp 2026/Dataset_Cleaned/Organic/Organic_137.jpg,Organic_137.jpg,Organic,3,300,300,RGB,train
/content/drive/MyDrive/Capstone Coding Camp 2026/Dataset_Cleaned/Organic/Organic_146.jpg,Organic_146.jpg,Organic,3,300,300,RGB,train
/content/drive/MyDrive/Capstone Coding Camp 2026/Dataset_Cleaned/Organic/Organic_100.jpg,Organic_100.jpg,Organic,3,300,300,RGB,train
/content/drive/MyDrive/Capstone Coding Camp 2026/Dataset_Cleaned/Glass/Glass_118.jpg,Glass_118.jpg,Glass,1,300,300,RGB,train
/content/drive/MyDrive/Capstone Coding Camp 2026/Dataset_Cleaned/B3/B3_198.jpg,B3_198.jpg,B3,0,300,300,RGB,train
/content/drive/MyDrive/Capstone Coding Camp 2026/Dataset_Cleaned/Plastic/Plastic_120.jpg,Plastic_120.jpg,Plastic,5,300,300,RGB,train
/content/drive/MyDrive/Capstone Coding Camp 2026/Dataset_Cleaned/B3/B3_118.jpg,B3_118.jpg,B3,0,300,300,RGB,train
/content/drive/MyDrive/Capstone Coding Camp 2026/Dataset_Cleaned/Organic/Organic_030.jpg,Organic_030.jpg,Organic,3,300,300,RGB,train
/content/drive/MyDrive/Capstone Coding Camp 2026/Dataset_Cleaned/Paper/Paper_160.jpg,Paper_160.jpg,Paper,4,300,300,RGB,train
/content/drive/MyDrive/Capstone Coding Camp 2026/Dataset_Cleaned/Glass/Glass_031.jpg,Glass_031.jpg,Glass,1,300,300,RGB,train
/content/drive/MyDrive/Capstone Coding Camp 2026/Dataset_Cleaned/B3/B3_189.jpg,B3_189.jpg,B3,0,300,300,RGB,train
/content/drive/MyDrive/Capstone Coding Camp 2026/Dataset_Cleaned/Metal/Metal_199.jpg,Metal_199.jpg,Metal,2,300,300,RGB,train
/content/drive/MyDrive/Capstone Coding Camp 2026/Dataset_Cleaned/Glass/Glass_094.jpg,Glass_094.jpg,Glass,1,300,300,RGB,train
/content/drive/MyDrive/Capstone Coding Camp 2026/Dataset_Cleaned/Paper/Paper_059.jpg,Paper_059.jpg,Paper,4,300,300,RGB,train
/content/drive/MyDrive/Capstone Coding Camp 2026/Dataset_Cleaned/Plastic/Plastic_029.jpg,Plastic_029.jpg,Plastic,5,300,300,RGB,train
/content/drive/MyDrive/Capstone Coding Camp 2026/Dataset_Cleaned/Metal/Metal_072.jpg,Metal_072.jpg,Metal,2,300,300,RGB,train
/content/drive/MyDrive/Capstone Coding Camp 2026/Dataset_Cleaned/Paper/Paper_072.jpg,Paper_072.jpg,Paper,4,300,300,RGB,train
/content/drive/MyDrive/Capstone Coding Camp 2026/Dataset_Cleaned/B3/B3_009.jpg,B3_009.jpg,B3,0,300,300,RGB,train
/content/drive/MyDrive/Capstone Coding Camp 2026/Dataset_Cleaned/Organic/Organic_199.jpg,Organic_199.jpg,Organic,3,300,300,RGB,train
/content/drive/MyDrive/Capstone Coding Camp 2026/Dataset_Cleaned/Metal/Metal_064.jpg,Metal_064.jpg,Metal,2,300,300,RGB,train
/content/drive/MyDrive/Capstone Coding Camp 2026/Dataset_Cleaned/B3/B3_075.jpg,B3_075.jpg,B3,0,300,300,RGB,train
/content/drive/MyDrive/Capstone Coding Camp 2026/Dataset_Cleaned/Plastic/Plastic_127.jpg,Plastic_127.jpg,Plastic,5,300,300,RGB,train
/content/drive/MyDrive/Capstone Coding Camp 2026/Dataset_Cleaned/Plastic/Plastic_018.jpg,Plastic_018.jpg,Plastic,5,300,300,RGB,train
/content/drive/MyDrive/Capstone Coding Camp 2026/Dataset_Cleaned/Glass/Glass_138.jpg,Glass_138.jpg,Glass,1,300,300,RGB,train
/content/drive/MyDrive/Capstone Coding Camp 2026/Dataset_Cleaned/Paper/Paper_042.jpg,Paper_042.jpg,Paper,4,300,300,RGB,train
/content/drive/MyDrive/Capstone Coding Camp 2026/Dataset_Cleaned/Organic/Organic_052.jpg,Organic_052.jpg,Organic,3,300,300,RGB,train
/content/drive/MyDrive/Capstone Coding Camp 2026/Dataset_Cleaned/Paper/Paper_014.jpg,Paper_014.jpg,Paper,4,300,300,RGB,train
/content/drive/MyDrive/Capstone Coding Camp 2026/Dataset_Cleaned/Paper/Paper_103.jpg,Paper_103.jpg,Paper,4,300,300,RGB,train
/content/drive/MyDrive/Capstone Coding Camp 2026/Dataset_Cleaned/Paper/Paper_012.jpg,Paper_012.jpg,Paper,4,300,300,RGB,train
/content/drive/MyDrive/Capstone Coding Camp 2026/Dataset_Cleaned/Organic/Organic_160.jpg,Organic_160.jpg,Organic,3,300,300,RGB,train
/content/drive/MyDrive/Capstone Coding Camp 2026/Dataset_Cleaned/B3/B3_091.jpg,B3_091.jpg,B3,0,300,300,RGB,train
/content/drive/MyDrive/Capstone Coding Camp 2026/Dataset_Cleaned/Plastic/Plastic_138.jpg,Plastic_138.jpg,Plastic,5,300,300,RGB,train
/content/drive/MyDrive/Capstone Coding Camp 2026/Dataset_Cleaned/B3/B3_164.jpg,B3_164.jpg,B3,0,300,300,RGB,train
/content/drive/MyDrive/Capstone Coding Camp 2026/Dataset_Cleaned/Paper/Paper_027.jpg,Paper_027.jpg,Paper,4,300,300,RGB,train
/content/drive/MyDrive/Capstone Coding Camp 2026/Dataset_Cleaned/Glass/Glass_175.jpg,Glass_175.jpg,Glass,1,300,300,RGB,train
/content/drive/MyDrive/Capstone Coding Camp 2026/Dataset_Cleaned/Organic/Organic_135.jpg,Organic_135.jpg,Organic,3,300,300,RGB,train
/content/drive/MyDrive/Capstone Coding Camp 2026/Dataset_Cleaned/Plastic/Plastic_117.jpg,Plastic_117.jpg,Plastic,5,300,300,RGB,train
/content/drive/MyDrive/Capstone Coding Camp 2026/Dataset_Cleaned/Glass/Glass_078.jpg,Glass_078.jpg,Glass,1,300,300,RGB,train
/content/drive/MyDrive/Capstone Coding Camp 2026/Dataset_Cleaned/B3/B3_152.jpg,B3_152.jpg,B3,0,300,300,RGB,train
/content/drive/MyDrive/Capstone Coding Camp 2026/Dataset_Cleaned/Organic/Organic_188.jpg,Organic_188.jpg,Organic,3,300,300,RGB,train
/content/drive/MyDrive/Capstone Coding Camp 2026/Dataset_Cleaned/B3/B3_102.jpg,B3_102.jpg,B3,0,300,300,RGB,train
/content/drive/MyDrive/Capstone Coding Camp 2026/Dataset_Cleaned/Glass/Glass_182.jpg,Glass_182.jpg,Glass,1,300,300,RGB,train
/content/drive/MyDrive/Capstone Coding Camp 2026/Dataset_Cleaned/Glass/Glass_076.jpg,Glass_076.jpg,Glass,1,300,300,RGB,train
/content/drive/MyDrive/Capstone Coding Camp 2026/Dataset_Cleaned/B3/B3_157.jpg,B3_157.jpg,B3,0,300,300,RGB,train
/content/drive/MyDrive/Capstone Coding Camp 2026/Dataset_Cleaned/Glass/Glass_114.jpg,Glass_114.jpg,Glass,1,300,300,RGB,train
/content/drive/MyDrive/Capstone Coding Camp 2026/Dataset_Cleaned/Plastic/Plastic_133.jpg,Plastic_133.jpg,Plastic,5,300,300,RGB,train
/content/drive/MyDrive/Capstone Coding Camp 2026/Dataset_Cleaned/Paper/Paper_135.jpg,Paper_135.jpg,Paper,4,300,300,RGB,train
/content/drive/MyDrive/Capstone Coding Camp 2026/Dataset_Cleaned/Paper/Paper_127.jpg,Paper_127.jpg,Paper,4,300,300,RGB,train
/content/drive/MyDrive/Capstone Coding Camp 2026/Dataset_Cleaned/Metal/Metal_123.jpg,Metal_123.jpg,Metal,2,300,300,RGB,train
/content/drive/MyDrive/Capstone Coding Camp 2026/Dataset_Cleaned/Organic/Organic_178.jpg,Organic_178.jpg,Organic,3,300,300,RGB,train
/content/drive/MyDrive/Capstone Coding Camp 2026/Dataset_Cleaned/Organic/Organic_026.jpg,Organic_026.jpg,Organic,3,300,300,RGB,train
/content/drive/MyDrive/Capstone Coding Camp 2026/Dataset_Cleaned/Paper/Paper_004.jpg,Paper_004.jpg,Paper,4,300,300,RGB,train
/content/drive/MyDrive/Capstone Coding Camp 2026/Dataset_Cleaned/Plastic/Plastic_048.jpg,Plastic_048.jpg,Plastic,5,300,300,RGB,train
/content/drive/MyDrive/Capstone Coding Camp 2026/Dataset_Cleaned/B3/B3_092.jpg,B3_092.jpg,B3,0,300,300,RGB,train
/content/drive/MyDrive/Capstone Coding Camp 2026/Dataset_Cleaned/Organic/Organic_195.jpg,Organic_195.jpg,Organic,3,300,300,RGB,train
/content/drive/MyDrive/Capstone Coding Camp 2026/Dataset_Cleaned/Glass/Glass_172.jpg,Glass_172.jpg,Glass,1,300,300,RGB,train
/content/drive/MyDrive/Capstone Coding Camp 2026/Dataset_Cleaned/B3/B3_103.jpg,B3_103.jpg,B3,0,300,300,RGB,train
/content/drive/MyDrive/Capstone Coding Camp 2026/Dataset_Cleaned/Glass/Glass_125.jpg,Glass_125.jpg,Glass,1,300,300,RGB,train
/content/drive/MyDrive/Capstone Coding Camp 2026/Dataset_Cleaned/Plastic/Plastic_005.jpg,Plastic_005.jpg,Plastic,5,300,300,RGB,train
/content/drive/MyDrive/Capstone Coding Camp 2026/Dataset_Cleaned/Paper/Paper_078.jpg,Paper_078.jpg,Paper,4,300,300,RGB,train
/content/drive/MyDrive/Capstone Coding Camp 2026/Dataset_Cleaned/Plastic/Plastic_175.jpg,Plastic_175.jpg,Plastic,5,300,300,RGB,train
/content/drive/MyDrive/Capstone Coding Camp 2026/Dataset_Cleaned/Metal/Metal_047.jpg,Metal_047.jpg,Metal,2,300,300,RGB,train
/content/drive/MyDrive/Capstone Coding Camp 2026/Dataset_Cleaned/B3/B3_192.jpg,B3_192.jpg,B3,0,300,300,RGB,train
/content/drive/MyDrive/Capstone Coding Camp 2026/Dataset_Cleaned/Organic/Organic_105.jpg,Organic_105.jpg,Organic,3,300,300,RGB,train
/content/drive/MyDrive/Capstone Coding Camp 2026/Dataset_Cleaned/Metal/Metal_192.jpg,Metal_192.jpg,Metal,2,300,300,RGB,train
/content/drive/MyDrive/Capstone Coding Camp 2026/Dataset_Cleaned/B3/B3_025.jpg,B3_025.jpg,B3,0,300,300,RGB,train
/content/drive/MyDrive/Capstone Coding Camp 2026/Dataset_Cleaned/Paper/Paper_114.jpg,Paper_114.jpg,Paper,4,300,300,RGB,train
/content/drive/MyDrive/Capstone Coding Camp 2026/Dataset_Cleaned/Glass/Glass_115.jpg,Glass_115.jpg,Glass,1,300,300,RGB,train
/content/drive/MyDrive/Capstone Coding Camp 2026/Dataset_Cleaned/Metal/Metal_091.jpg,Metal_091.jpg,Metal,2,300,300,RGB,train
/content/drive/MyDrive/Capstone Coding Camp 2026/Dataset_Cleaned/Paper/Paper_037.jpg,Paper_037.jpg,Paper,4,300,300,RGB,train
/content/drive/MyDrive/Capstone Coding Camp 2026/Dataset_Cleaned/Metal/Metal_087.jpg,Metal_087.jpg,Metal,2,300,300,RGB,train
/content/drive/MyDrive/Capstone Coding Camp 2026/Dataset_Cleaned/Plastic/Plastic_012.jpg,Plastic_012.jpg,Plastic,5,300,300,RGB,train
/content/drive/MyDrive/Capstone Coding Camp 2026/Dataset_Cleaned/Plastic/Plastic_173.jpg,Plastic_173.jpg,Plastic,5,300,300,RGB,train
/content/drive/MyDrive/Capstone Coding Camp 2026/Dataset_Cleaned/Metal/Metal_083.jpg,Metal_083.jpg,Metal,2,300,300,RGB,train
/content/drive/MyDrive/Capstone Coding Camp 2026/Dataset_Cleaned/Plastic/Plastic_192.jpg,Plastic_192.jpg,Plastic,5,300,300,RGB,train
/content/drive/MyDrive/Capstone Coding Camp 2026/Dataset_Cleaned/Plastic/Plastic_028.jpg,Plastic_028.jpg,Plastic,5,300,300,RGB,train
/content/drive/MyDrive/Capstone Coding Camp 2026/Dataset_Cleaned/B3/B3_113.jpg,B3_113.jpg,B3,0,300,300,RGB,train
/content/drive/MyDrive/Capstone Coding Camp 2026/Dataset_Cleaned/Metal/Metal_174.jpg,Metal_174.jpg,Metal,2,300,300,RGB,train
/content/drive/MyDrive/Capstone Coding Camp 2026/Dataset_Cleaned/Glass/Glass_062.jpg,Glass_062.jpg,Glass,1,300,300,RGB,train
/content/drive/MyDrive/Capstone Coding Camp 2026/Dataset_Cleaned/Organic/Organic_155.jpg,Organic_155.jpg,Organic,3,300,300,RGB,train
/content/drive/MyDrive/Capstone Coding Camp 2026/Dataset_Cleaned/Plastic/Plastic_049.jpg,Plastic_049.jpg,Plastic,5,300,300,RGB,train
/content/drive/MyDrive/Capstone Coding Camp 2026/Dataset_Cleaned/Metal/Metal_108.jpg,Metal_108.jpg,Metal,2,300,300,RGB,train
/content/drive/MyDrive/Capstone Coding Camp 2026/Dataset_Cleaned/Metal/Metal_057.jpg,Metal_057.jpg,Metal,2,300,300,RGB,train
/content/drive/MyDrive/Capstone Coding Camp 2026/Dataset_Cleaned/B3/B3_115.jpg,B3_115.jpg,B3,0,300,300,RGB,train
/content/drive/MyDrive/Capstone Coding Camp 2026/Dataset_Cleaned/Plastic/Plastic_121.jpg,Plastic_121.jpg,Plastic,5,300,300,RGB,train
/content/drive/MyDrive/Capstone Coding Camp 2026/Dataset_Cleaned/Glass/Glass_162.jpg,Glass_162.jpg,Glass,1,300,300,RGB,train
/content/drive/MyDrive/Capstone Coding Camp 2026/Dataset_Cleaned/Metal/Metal_173.jpg,Metal_173.jpg,Metal,2,300,300,RGB,train
/content/drive/MyDrive/Capstone Coding Camp 2026/Dataset_Cleaned/Organic/Organic_161.jpg,Organic_161.jpg,Organic,3,300,300,RGB,train
/content/drive/MyDrive/Capstone Coding Camp 2026/Dataset_Cleaned/Plastic/Plastic_047.jpg,Plastic_047.jpg,Plastic,5,300,300,RGB,train
/content/drive/MyDrive/Capstone Coding Camp 2026/Dataset_Cleaned/Plastic/Plastic_091.jpg,Plastic_091.jpg,Plastic,5,300,300,RGB,train
/content/drive/MyDrive/Capstone Coding Camp 2026/Dataset_Cleaned/B3/B3_001.jpg,B3_001.jpg,B3,0,300,300,RGB,train
/content/drive/MyDrive/Capstone Coding Camp 2026/Dataset_Cleaned/Metal/Metal_037.jpg,Metal_037.jpg,Metal,2,300,300,RGB,train
/content/drive/MyDrive/Capstone Coding Camp 2026/Dataset_Cleaned/Plastic/Plastic_096.jpg,Plastic_096.jpg,Plastic,5,300,300,RGB,train
/content/drive/MyDrive/Capstone Coding Camp 2026/Dataset_Cleaned/Paper/Paper_003.jpg,Paper_003.jpg,Paper,4,300,300,RGB,train
/content/drive/MyDrive/Capstone Coding Camp 2026/Dataset_Cleaned/Plastic/Plastic_080.jpg,Plastic_080.jpg,Plastic,5,300,300,RGB,train
/content/drive/MyDrive/Capstone Coding Camp 2026/Dataset_Cleaned/Glass/Glass_073.jpg,Glass_073.jpg,Glass,1,300,300,RGB,train
/content/drive/MyDrive/Capstone Coding Camp 2026/Dataset_Cleaned/Paper/Paper_199.jpg,Paper_199.jpg,Paper,4,300,300,RGB,train
/content/drive/MyDrive/Capstone Coding Camp 2026/Dataset_Cleaned/Glass/Glass_123.jpg,Glass_123.jpg,Glass,1,300,300,RGB,train
/content/drive/MyDrive/Capstone Coding Camp 2026/Dataset_Cleaned/Organic/Organic_046.jpg,Organic_046.jpg,Organic,3,300,300,RGB,train
/content/drive/MyDrive/Capstone Coding Camp 2026/Dataset_Cleaned/Organic/Organic_120.jpg,Organic_120.jpg,Organic,3,300,300,RGB,train
/content/drive/MyDrive/Capstone Coding Camp 2026/Dataset_Cleaned/Plastic/Plastic_167.jpg,Plastic_167.jpg,Plastic,5,300,300,RGB,train
/content/drive/MyDrive/Capstone Coding Camp 2026/Dataset_Cleaned/Metal/Metal_148.jpg,Metal_148.jpg,Metal,2,300,300,RGB,train
/content/drive/MyDrive/Capstone Coding Camp 2026/Dataset_Cleaned/Organic/Organic_085.jpg,Organic_085.jpg,Organic,3,300,300,RGB,train
/content/drive/MyDrive/Capstone Coding Camp 2026/Dataset_Cleaned/B3/B3_064.jpg,B3_064.jpg,B3,0,300,300,RGB,train
/content/drive/MyDrive/Capstone Coding Camp 2026/Dataset_Cleaned/B3/B3_182.jpg,B3_182.jpg,B3,0,300,300,RGB,train
/content/drive/MyDrive/Capstone Coding Camp 2026/Dataset_Cleaned/B3/B3_105.jpg,B3_105.jpg,B3,0,300,300,RGB,train
/content/drive/MyDrive/Capstone Coding Camp 2026/Dataset_Cleaned/Metal/Metal_076.jpg,Metal_076.jpg,Metal,2,300,300,RGB,train
/content/drive/MyDrive/Capstone Coding Camp 2026/Dataset_Cleaned/B3/B3_101.jpg,B3_101.jpg,B3,0,300,300,RGB,train
/content/drive/MyDrive/Capstone Coding Camp 2026/Dataset_Cleaned/B3/B3_199.jpg,B3_199.jpg,B3,0,300,300,RGB,train
/content/drive/MyDrive/Capstone Coding Camp 2026/Dataset_Cleaned/Paper/Paper_043.jpg,Paper_043.jpg,Paper,4,300,300,RGB,train
/content/drive/MyDrive/Capstone Coding Camp 2026/Dataset_Cleaned/Organic/Organic_133.jpg,Organic_133.jpg,Organic,3,300,300,RGB,train
/content/drive/MyDrive/Capstone Coding Camp 2026/Dataset_Cleaned/Plastic/Plastic_142.jpg,Plastic_142.jpg,Plastic,5,300,300,RGB,train
/content/drive/MyDrive/Capstone Coding Camp 2026/Dataset_Cleaned/Paper/Paper_194.jpg,Paper_194.jpg,Paper,4,300,300,RGB,train
/content/drive/MyDrive/Capstone Coding Camp 2026/Dataset_Cleaned/Paper/Paper_115.jpg,Paper_115.jpg,Paper,4,300,300,RGB,train
/content/drive/MyDrive/Capstone Coding Camp 2026/Dataset_Cleaned/Glass/Glass_020.jpg,Glass_020.jpg,Glass,1,300,300,RGB,train
/content/drive/MyDrive/Capstone Coding Camp 2026/Dataset_Cleaned/Glass/Glass_140.jpg,Glass_140.jpg,Glass,1,300,300,RGB,train
/content/drive/MyDrive/Capstone Coding Camp 2026/Dataset_Cleaned/Plastic/Plastic_198.jpg,Plastic_198.jpg,Plastic,5,300,300,RGB,train
/content/drive/MyDrive/Capstone Coding Camp 2026/Dataset_Cleaned/Glass/Glass_008.jpg,Glass_008.jpg,Glass,1,300,300,RGB,train
/content/drive/MyDrive/Capstone Coding Camp 2026/Dataset_Cleaned/Metal/Metal_111.jpg,Metal_111.jpg,Metal,2,300,300,RGB,train
/content/drive/MyDrive/Capstone Coding Camp 2026/Dataset_Cleaned/Glass/Glass_100.jpg,Glass_100.jpg,Glass,1,300,300,RGB,train
/content/drive/MyDrive/Capstone Coding Camp 2026/Dataset_Cleaned/Metal/Metal_093.jpg,Metal_093.jpg,Metal,2,300,300,RGB,train
/content/drive/MyDrive/Capstone Coding Camp 2026/Dataset_Cleaned/Glass/Glass_071.jpg,Glass_071.jpg,Glass,1,300,300,RGB,train
/content/drive/MyDrive/Capstone Coding Camp 2026/Dataset_Cleaned/Paper/Paper_166.jpg,Paper_166.jpg,Paper,4,300,300,RGB,train
/content/drive/MyDrive/Capstone Coding Camp 2026/Dataset_Cleaned/B3/B3_140.jpg,B3_140.jpg,B3,0,300,300,RGB,train
/content/drive/MyDrive/Capstone Coding Camp 2026/Dataset_Cleaned/Glass/Glass_029.jpg,Glass_029.jpg,Glass,1,300,300,RGB,train
/content/drive/MyDrive/Capstone Coding Camp 2026/Dataset_Cleaned/Paper/Paper_016.jpg,Paper_016.jpg,Paper,4,300,300,RGB,train
/content/drive/MyDrive/Capstone Coding Camp 2026/Dataset_Cleaned/Organic/Organic_017.jpg,Organic_017.jpg,Organic,3,300,300,RGB,train
/content/drive/MyDrive/Capstone Coding Camp 2026/Dataset_Cleaned/Organic/Organic_012.jpg,Organic_012.jpg,Organic,3,300,300,RGB,train
/content/drive/MyDrive/Capstone Coding Camp 2026/Dataset_Cleaned/Organic/Organic_056.jpg,Organic_056.jpg,Organic,3,300,300,RGB,train
/content/drive/MyDrive/Capstone Coding Camp 2026/Dataset_Cleaned/Glass/Glass_133.jpg,Glass_133.jpg,Glass,1,300,300,RGB,train
/content/drive/MyDrive/Capstone Coding Camp 2026/Dataset_Cleaned/Glass/Glass_126.jpg,Glass_126.jpg,Glass,1,300,300,RGB,train
/content/drive/MyDrive/Capstone Coding Camp 2026/Dataset_Cleaned/Paper/Paper_192.jpg,Paper_192.jpg,Paper,4,300,300,RGB,train
/content/drive/MyDrive/Capstone Coding Camp 2026/Dataset_Cleaned/Glass/Glass_109.jpg,Glass_109.jpg,Glass,1,300,300,RGB,train
/content/drive/MyDrive/Capstone Coding Camp 2026/Dataset_Cleaned/Metal/Metal_077.jpg,Metal_077.jpg,Metal,2,300,300,RGB,train
/content/drive/MyDrive/Capstone Coding Camp 2026/Dataset_Cleaned/Metal/Metal_046.jpg,Metal_046.jpg,Metal,2,300,300,RGB,train
/content/drive/MyDrive/Capstone Coding Camp 2026/Dataset_Cleaned/Glass/Glass_024.jpg,Glass_024.jpg,Glass,1,300,300,RGB,train
/content/drive/MyDrive/Capstone Coding Camp 2026/Dataset_Cleaned/Plastic/Plastic_034.jpg,Plastic_034.jpg,Plastic,5,300,300,RGB,train
/content/drive/MyDrive/Capstone Coding Camp 2026/Dataset_Cleaned/Paper/Paper_144.jpg,Paper_144.jpg,Paper,4,300,300,RGB,train
/content/drive/MyDrive/Capstone Coding Camp 2026/Dataset_Cleaned/Glass/Glass_190.jpg,Glass_190.jpg,Glass,1,300,300,RGB,train
/content/drive/MyDrive/Capstone Coding Camp 2026/Dataset_Cleaned/Paper/Paper_187.jpg,Paper_187.jpg,Paper,4,300,300,RGB,train
/content/drive/MyDrive/Capstone Coding Camp 2026/Dataset_Cleaned/B3/B3_063.jpg,B3_063.jpg,B3,0,300,300,RGB,train
/content/drive/MyDrive/Capstone Coding Camp 2026/Dataset_Cleaned/Organic/Organic_039.jpg,Organic_039.jpg,Organic,3,300,300,RGB,train
/content/drive/MyDrive/Capstone Coding Camp 2026/Dataset_Cleaned/Organic/Organic_072.jpg,Organic_072.jpg,Organic,3,300,300,RGB,train
/content/drive/MyDrive/Capstone Coding Camp 2026/Dataset_Cleaned/Organic/Organic_114.jpg,Organic_114.jpg,Organic,3,300,300,RGB,train
/content/drive/MyDrive/Capstone Coding Camp 2026/Dataset_Cleaned/B3/B3_049.jpg,B3_049.jpg,B3,0,300,300,RGB,train
/content/drive/MyDrive/Capstone Coding Camp 2026/Dataset_Cleaned/Paper/Paper_088.jpg,Paper_088.jpg,Paper,4,300,300,RGB,train
/content/drive/MyDrive/Capstone Coding Camp 2026/Dataset_Cleaned/Metal/Metal_031.jpg,Metal_031.jpg,Metal,2,300,300,RGB,train
/content/drive/MyDrive/Capstone Coding Camp 2026/Dataset_Cleaned/Glass/Glass_014.jpg,Glass_014.jpg,Glass,1,300,300,RGB,train
/content/drive/MyDrive/Capstone Coding Camp 2026/Dataset_Cleaned/Paper/Paper_111.jpg,Paper_111.jpg,Paper,4,300,300,RGB,train
/content/drive/MyDrive/Capstone Coding Camp 2026/Dataset_Cleaned/Organic/Organic_148.jpg,Organic_148.jpg,Organic,3,300,300,RGB,train
/content/drive/MyDrive/Capstone Coding Camp 2026/Dataset_Cleaned/Plastic/Plastic_014.jpg,Plastic_014.jpg,Plastic,5,300,300,RGB,train
/content/drive/MyDrive/Capstone Coding Camp 2026/Dataset_Cleaned/Paper/Paper_155.jpg,Paper_155.jpg,Paper,4,300,300,RGB,train
/content/drive/MyDrive/Capstone Coding Camp 2026/Dataset_Cleaned/Paper/Paper_093.jpg,Paper_093.jpg,Paper,4,300,300,RGB,train
/content/drive/MyDrive/Capstone Coding Camp 2026/Dataset_Cleaned/Metal/Metal_142.jpg,Metal_142.jpg,Metal,2,300,300,RGB,train
/content/drive/MyDrive/Capstone Coding Camp 2026/Dataset_Cleaned/Paper/Paper_038.jpg,Paper_038.jpg,Paper,4,300,300,RGB,train
/content/drive/MyDrive/Capstone Coding Camp 2026/Dataset_Cleaned/Glass/Glass_096.jpg,Glass_096.jpg,Glass,1,300,300,RGB,train
/content/drive/MyDrive/Capstone Coding Camp 2026/Dataset_Cleaned/Paper/Paper_158.jpg,Paper_158.jpg,Paper,4,300,300,RGB,train
/content/drive/MyDrive/Capstone Coding Camp 2026/Dataset_Cleaned/Organic/Organic_008.jpg,Organic_008.jpg,Organic,3,300,300,RGB,train
/content/drive/MyDrive/Capstone Coding Camp 2026/Dataset_Cleaned/B3/B3_186.jpg,B3_186.jpg,B3,0,300,300,RGB,train
/content/drive/MyDrive/Capstone Coding Camp 2026/Dataset_Cleaned/B3/B3_057.jpg,B3_057.jpg,B3,0,300,300,RGB,train
/content/drive/MyDrive/Capstone Coding Camp 2026/Dataset_Cleaned/Organic/Organic_016.jpg,Organic_016.jpg,Organic,3,300,300,RGB,train
/content/drive/MyDrive/Capstone Coding Camp 2026/Dataset_Cleaned/Metal/Metal_056.jpg,Metal_056.jpg,Metal,2,300,300,RGB,train
/content/drive/MyDrive/Capstone Coding Camp 2026/Dataset_Cleaned/Paper/Paper_031.jpg,Paper_031.jpg,Paper,4,300,300,RGB,train
/content/drive/MyDrive/Capstone Coding Camp 2026/Dataset_Cleaned/B3/B3_015.jpg,B3_015.jpg,B3,0,300,300,RGB,train
/content/drive/MyDrive/Capstone Coding Camp 2026/Dataset_Cleaned/Glass/Glass_180.jpg,Glass_180.jpg,Glass,1,300,300,RGB,train
/content/drive/MyDrive/Capstone Coding Camp 2026/Dataset_Cleaned/Glass/Glass_084.jpg,Glass_084.jpg,Glass,1,300,300,RGB,train
/content/drive/MyDrive/Capstone Coding Camp 2026/Dataset_Cleaned/Organic/Organic_031.jpg,Organic_031.jpg,Organic,3,300,300,RGB,train
/content/drive/MyDrive/Capstone Coding Camp 2026/Dataset_Cleaned/Plastic/Plastic_101.jpg,Plastic_101.jpg,Plastic,5,300,300,RGB,train
/content/drive/MyDrive/Capstone Coding Camp 2026/Dataset_Cleaned/Metal/Metal_115.jpg,Metal_115.jpg,Metal,2,300,300,RGB,train
/content/drive/MyDrive/Capstone Coding Camp 2026/Dataset_Cleaned/Paper/Paper_086.jpg,Paper_086.jpg,Paper,4,300,300,RGB,train
/content/drive/MyDrive/Capstone Coding Camp 2026/Dataset_Cleaned/Plastic/Plastic_001.jpg,Plastic_001.jpg,Plastic,5,300,300,RGB,train
/content/drive/MyDrive/Capstone Coding Camp 2026/Dataset_Cleaned/Organic/Organic_099.jpg,Organic_099.jpg,Organic,3,300,300,RGB,train
/content/drive/MyDrive/Capstone Coding Camp 2026/Dataset_Cleaned/Organic/Organic_015.jpg,Organic_015.jpg,Organic,3,300,300,RGB,train
/content/drive/MyDrive/Capstone Coding Camp 2026/Dataset_Cleaned/Paper/Paper_137.jpg,Paper_137.jpg,Paper,4,300,300,RGB,train
/content/drive/MyDrive/Capstone Coding Camp 2026/Dataset_Cleaned/Metal/Metal_186.jpg,Metal_186.jpg,Metal,2,300,300,RGB,train
/content/drive/MyDrive/Capstone Coding Camp 2026/Dataset_Cleaned/Paper/Paper_035.jpg,Paper_035.jpg,Paper,4,300,300,RGB,train
/content/drive/MyDrive/Capstone Coding Camp 2026/Dataset_Cleaned/B3/B3_069.jpg,B3_069.jpg,B3,0,300,300,RGB,train
/content/drive/MyDrive/Capstone Coding Camp 2026/Dataset_Cleaned/B3/B3_146.jpg,B3_146.jpg,B3,0,300,300,RGB,train
/content/drive/MyDrive/Capstone Coding Camp 2026/Dataset_Cleaned/Glass/Glass_112.jpg,Glass_112.jpg,Glass,1,300,300,RGB,train
/content/drive/MyDrive/Capstone Coding Camp 2026/Dataset_Cleaned/Metal/Metal_125.jpg,Metal_125.jpg,Metal,2,300,300,RGB,train
/content/drive/MyDrive/Capstone Coding Camp 2026/Dataset_Cleaned/Organic/Organic_003.jpg,Organic_003.jpg,Organic,3,300,300,RGB,train
/content/drive/MyDrive/Capstone Coding Camp 2026/Dataset_Cleaned/Plastic/Plastic_072.jpg,Plastic_072.jpg,Plastic,5,300,300,RGB,train
/content/drive/MyDrive/Capstone Coding Camp 2026/Dataset_Cleaned/B3/B3_079.jpg,B3_079.jpg,B3,0,300,300,RGB,train
/content/drive/MyDrive/Capstone Coding Camp 2026/Dataset_Cleaned/Plastic/Plastic_078.jpg,Plastic_078.jpg,Plastic,5,300,300,RGB,train
/content/drive/MyDrive/Capstone Coding Camp 2026/Dataset_Cleaned/Plastic/Plastic_158.jpg,Plastic_158.jpg,Plastic,5,300,300,RGB,train
/content/drive/MyDrive/Capstone Coding Camp 2026/Dataset_Cleaned/Organic/Organic_117.jpg,Organic_117.jpg,Organic,3,300,300,RGB,train
/content/drive/MyDrive/Capstone Coding Camp 2026/Dataset_Cleaned/Glass/Glass_033.jpg,Glass_033.jpg,Glass,1,300,300,RGB,train
/content/drive/MyDrive/Capstone Coding Camp 2026/Dataset_Cleaned/Glass/Glass_002.jpg,Glass_002.jpg,Glass,1,300,300,RGB,train
/content/drive/MyDrive/Capstone Coding Camp 2026/Dataset_Cleaned/Plastic/Plastic_136.jpg,Plastic_136.jpg,Plastic,5,300,300,RGB,train
/content/drive/MyDrive/Capstone Coding Camp 2026/Dataset_Cleaned/Organic/Organic_007.jpg,Organic_007.jpg,Organic,3,300,300,RGB,train
/content/drive/MyDrive/Capstone Coding Camp 2026/Dataset_Cleaned/Glass/Glass_187.jpg,Glass_187.jpg,Glass,1,300,300,RGB,train
/content/drive/MyDrive/Capstone Coding Camp 2026/Dataset_Cleaned/Metal/Metal_039.jpg,Metal_039.jpg,Metal,2,300,300,RGB,train
/content/drive/MyDrive/Capstone Coding Camp 2026/Dataset_Cleaned/B3/B3_127.jpg,B3_127.jpg,B3,0,300,300,RGB,train
/content/drive/MyDrive/Capstone Coding Camp 2026/Dataset_Cleaned/Plastic/Plastic_085.jpg,Plastic_085.jpg,Plastic,5,300,300,RGB,train
/content/drive/MyDrive/Capstone Coding Camp 2026/Dataset_Cleaned/Glass/Glass_030.jpg,Glass_030.jpg,Glass,1,300,300,RGB,train
/content/drive/MyDrive/Capstone Coding Camp 2026/Dataset_Cleaned/Glass/Glass_161.jpg,Glass_161.jpg,Glass,1,300,300,RGB,train
/content/drive/MyDrive/Capstone Coding Camp 2026/Dataset_Cleaned/Metal/Metal_019.jpg,Metal_019.jpg,Metal,2,300,300,RGB,train
/content/drive/MyDrive/Capstone Coding Camp 2026/Dataset_Cleaned/Plastic/Plastic_181.jpg,Plastic_181.jpg,Plastic,5,300,300,RGB,train
/content/drive/MyDrive/Capstone Coding Camp 2026/Dataset_Cleaned/Plastic/Plastic_107.jpg,Plastic_107.jpg,Plastic,5,300,300,RGB,train
/content/drive/MyDrive/Capstone Coding Camp 2026/Dataset_Cleaned/Metal/Metal_021.jpg,Metal_021.jpg,Metal,2,300,300,RGB,train
/content/drive/MyDrive/Capstone Coding Camp 2026/Dataset_Cleaned/B3/B3_177.jpg,B3_177.jpg,B3,0,300,300,RGB,train
/content/drive/MyDrive/Capstone Coding Camp 2026/Dataset_Cleaned/Plastic/Plastic_071.jpg,Plastic_071.jpg,Plastic,5,300,300,RGB,train
/content/drive/MyDrive/Capstone Coding Camp 2026/Dataset_Cleaned/Metal/Metal_043.jpg,Metal_043.jpg,Metal,2,300,300,RGB,train
/content/drive/MyDrive/Capstone Coding Camp 2026/Dataset_Cleaned/Plastic/Plastic_037.jpg,Plastic_037.jpg,Plastic,5,300,300,RGB,train
/content/drive/MyDrive/Capstone Coding Camp 2026/Dataset_Cleaned/Organic/Organic_054.jpg,Organic_054.jpg,Organic,3,300,300,RGB,train
/content/drive/MyDrive/Capstone Coding Camp 2026/Dataset_Cleaned/Glass/Glass_153.jpg,Glass_153.jpg,Glass,1,300,300,RGB,train
/content/drive/MyDrive/Capstone Coding Camp 2026/Dataset_Cleaned/Paper/Paper_091.jpg,Paper_091.jpg,Paper,4,300,300,RGB,train
/content/drive/MyDrive/Capstone Coding Camp 2026/Dataset_Cleaned/Plastic/Plastic_026.jpg,Plastic_026.jpg,Plastic,5,300,300,RGB,train
/content/drive/MyDrive/Capstone Coding Camp 2026/Dataset_Cleaned/Organic/Organic_197.jpg,Organic_197.jpg,Organic,3,300,300,RGB,train
/content/drive/MyDrive/Capstone Coding Camp 2026/Dataset_Cleaned/Metal/Metal_194.jpg,Metal_194.jpg,Metal,2,300,300,RGB,train
/content/drive/MyDrive/Capstone Coding Camp 2026/Dataset_Cleaned/Organic/Organic_059.jpg,Organic_059.jpg,Organic,3,300,300,RGB,train
/content/drive/MyDrive/Capstone Coding Camp 2026/Dataset_Cleaned/Metal/Metal_184.jpg,Metal_184.jpg,Metal,2,300,300,RGB,train
/content/drive/MyDrive/Capstone Coding Camp 2026/Dataset_Cleaned/Organic/Organic_094.jpg,Organic_094.jpg,Organic,3,300,300,RGB,train
/content/drive/MyDrive/Capstone Coding Camp 2026/Dataset_Cleaned/B3/B3_112.jpg,B3_112.jpg,B3,0,300,300,RGB,train
/content/drive/MyDrive/Capstone Coding Camp 2026/Dataset_Cleaned/Organic/Organic_018.jpg,Organic_018.jpg,Organic,3,300,300,RGB,train
/content/drive/MyDrive/Capstone Coding Camp 2026/Dataset_Cleaned/Glass/Glass_117.jpg,Glass_117.jpg,Glass,1,300,300,RGB,train
/content/drive/MyDrive/Capstone Coding Camp 2026/Dataset_Cleaned/Plastic/Plastic_137.jpg,Plastic_137.jpg,Plastic,5,300,300,RGB,train
/content/drive/MyDrive/Capstone Coding Camp 2026/Dataset_Cleaned/Paper/Paper_024.jpg,Paper_024.jpg,Paper,4,300,300,RGB,train
/content/drive/MyDrive/Capstone Coding Camp 2026/Dataset_Cleaned/Paper/Paper_123.jpg,Paper_123.jpg,Paper,4,300,300,RGB,train
/content/drive/MyDrive/Capstone Coding Camp 2026/Dataset_Cleaned/Glass/Glass_103.jpg,Glass_103.jpg,Glass,1,300,300,RGB,train
/content/drive/MyDrive/Capstone Coding Camp 2026/Dataset_Cleaned/Metal/Metal_138.jpg,Metal_138.jpg,Metal,2,300,300,RGB,train
/content/drive/MyDrive/Capstone Coding Camp 2026/Dataset_Cleaned/Paper/Paper_165.jpg,Paper_165.jpg,Paper,4,300,300,RGB,train
/content/drive/MyDrive/Capstone Coding Camp 2026/Dataset_Cleaned/B3/B3_074.jpg,B3_074.jpg,B3,0,300,300,RGB,train
/content/drive/MyDrive/Capstone Coding Camp 2026/Dataset_Cleaned/Paper/Paper_049.jpg,Paper_049.jpg,Paper,4,300,300,RGB,train
/content/drive/MyDrive/Capstone Coding Camp 2026/Dataset_Cleaned/Paper/Paper_033.jpg,Paper_033.jpg,Paper,4,300,300,RGB,train
/content/drive/MyDrive/Capstone Coding Camp 2026/Dataset_Cleaned/Organic/Organic_131.jpg,Organic_131.jpg,Organic,3,300,300,RGB,train
/content/drive/MyDrive/Capstone Coding Camp 2026/Dataset_Cleaned/Metal/Metal_044.jpg,Metal_044.jpg,Metal,2,300,300,RGB,train
/content/drive/MyDrive/Capstone Coding Camp 2026/Dataset_Cleaned/Organic/Organic_185.jpg,Organic_185.jpg,Organic,3,300,300,RGB,train
/content/drive/MyDrive/Capstone Coding Camp 2026/Dataset_Cleaned/Organic/Organic_065.jpg,Organic_065.jpg,Organic,3,300,300,RGB,train
/content/drive/MyDrive/Capstone Coding Camp 2026/Dataset_Cleaned/Metal/Metal_101.jpg,Metal_101.jpg,Metal,2,300,300,RGB,train
/content/drive/MyDrive/Capstone Coding Camp 2026/Dataset_Cleaned/B3/B3_094.jpg,B3_094.jpg,B3,0,300,300,RGB,train
/content/drive/MyDrive/Capstone Coding Camp 2026/Dataset_Cleaned/Organic/Organic_109.jpg,Organic_109.jpg,Organic,3,300,300,RGB,train
/content/drive/MyDrive/Capstone Coding Camp 2026/Dataset_Cleaned/Paper/Paper_048.jpg,Paper_048.jpg,Paper,4,300,300,RGB,train
/content/drive/MyDrive/Capstone Coding Camp 2026/Dataset_Cleaned/B3/B3_024.jpg,B3_024.jpg,B3,0,300,300,RGB,train
/content/drive/MyDrive/Capstone Coding Camp 2026/Dataset_Cleaned/Glass/Glass_046.jpg,Glass_046.jpg,Glass,1,300,300,RGB,train
/content/drive/MyDrive/Capstone Coding Camp 2026/Dataset_Cleaned/Paper/Paper_021.jpg,Paper_021.jpg,Paper,4,300,300,RGB,train
/content/drive/MyDrive/Capstone Coding Camp 2026/Dataset_Cleaned/Plastic/Plastic_174.jpg,Plastic_174.jpg,Plastic,5,300,300,RGB,train
/content/drive/MyDrive/Capstone Coding Camp 2026/Dataset_Cleaned/Plastic/Plastic_180.jpg,Plastic_180.jpg,Plastic,5,300,300,RGB,train
/content/drive/MyDrive/Capstone Coding Camp 2026/Dataset_Cleaned/B3/B3_051.jpg,B3_051.jpg,B3,0,300,300,RGB,train
/content/drive/MyDrive/Capstone Coding Camp 2026/Dataset_Cleaned/Organic/Organic_165.jpg,Organic_165.jpg,Organic,3,300,300,RGB,train
/content/drive/MyDrive/Capstone Coding Camp 2026/Dataset_Cleaned/B3/B3_056.jpg,B3_056.jpg,B3,0,300,300,RGB,train
/content/drive/MyDrive/Capstone Coding Camp 2026/Dataset_Cleaned/Organic/Organic_088.jpg,Organic_088.jpg,Organic,3,300,300,RGB,train
/content/drive/MyDrive/Capstone Coding Camp 2026/Dataset_Cleaned/Organic/Organic_027.jpg,Organic_027.jpg,Organic,3,300,300,RGB,train
/content/drive/MyDrive/Capstone Coding Camp 2026/Dataset_Cleaned/Metal/Metal_121.jpg,Metal_121.jpg,Metal,2,300,300,RGB,train
/content/drive/MyDrive/Capstone Coding Camp 2026/Dataset_Cleaned/Plastic/Plastic_017.jpg,Plastic_017.jpg,Plastic,5,300,300,RGB,train
/content/drive/MyDrive/Capstone Coding Camp 2026/Dataset_Cleaned/B3/B3_137.jpg,B3_137.jpg,B3,0,300,300,RGB,train
/content/drive/MyDrive/Capstone Coding Camp 2026/Dataset_Cleaned/Organic/Organic_177.jpg,Organic_177.jpg,Organic,3,300,300,RGB,train
/content/drive/MyDrive/Capstone Coding Camp 2026/Dataset_Cleaned/Paper/Paper_005.jpg,Paper_005.jpg,Paper,4,300,300,RGB,train
/content/drive/MyDrive/Capstone Coding Camp 2026/Dataset_Cleaned/Metal/Metal_114.jpg,Metal_114.jpg,Metal,2,300,300,RGB,train
/content/drive/MyDrive/Capstone Coding Camp 2026/Dataset_Cleaned/Glass/Glass_041.jpg,Glass_041.jpg,Glass,1,300,300,RGB,train
/content/drive/MyDrive/Capstone Coding Camp 2026/Dataset_Cleaned/Metal/Metal_183.jpg,Metal_183.jpg,Metal,2,300,300,RGB,train
/content/drive/MyDrive/Capstone Coding Camp 2026/Dataset_Cleaned/Glass/Glass_102.jpg,Glass_102.jpg,Glass,1,300,300,RGB,train
/content/drive/MyDrive/Capstone Coding Camp 2026/Dataset_Cleaned/Metal/Metal_032.jpg,Metal_032.jpg,Metal,2,300,300,RGB,train
/content/drive/MyDrive/Capstone Coding Camp 2026/Dataset_Cleaned/Metal/Metal_035.jpg,Metal_035.jpg,Metal,2,300,300,RGB,train
/content/drive/MyDrive/Capstone Coding Camp 2026/Dataset_Cleaned/Paper/Paper_148.jpg,Paper_148.jpg,Paper,4,300,300,RGB,train
/content/drive/MyDrive/Capstone Coding Camp 2026/Dataset_Cleaned/Plastic/Plastic_155.jpg,Plastic_155.jpg,Plastic,5,300,300,RGB,train
/content/drive/MyDrive/Capstone Coding Camp 2026/Dataset_Cleaned/Glass/Glass_004.jpg,Glass_004.jpg,Glass,1,300,300,RGB,train
/content/drive/MyDrive/Capstone Coding Camp 2026/Dataset_Cleaned/Paper/Paper_046.jpg,Paper_046.jpg,Paper,4,300,300,RGB,train
/content/drive/MyDrive/Capstone Coding Camp 2026/Dataset_Cleaned/Paper/Paper_132.jpg,Paper_132.jpg,Paper,4,300,300,RGB,train
/content/drive/MyDrive/Capstone Coding Camp 2026/Dataset_Cleaned/Glass/Glass_047.jpg,Glass_047.jpg,Glass,1,300,300,RGB,train
/content/drive/MyDrive/Capstone Coding Camp 2026/Dataset_Cleaned/Plastic/Plastic_043.jpg,Plastic_043.jpg,Plastic,5,300,300,RGB,train
/content/drive/MyDrive/Capstone Coding Camp 2026/Dataset_Cleaned/Metal/Metal_177.jpg,Metal_177.jpg,Metal,2,300,300,RGB,train
/content/drive/MyDrive/Capstone Coding Camp 2026/Dataset_Cleaned/Paper/Paper_125.jpg,Paper_125.jpg,Paper,4,300,300,RGB,train
/content/drive/MyDrive/Capstone Coding Camp 2026/Dataset_Cleaned/B3/B3_184.jpg,B3_184.jpg,B3,0,300,300,RGB,train
/content/drive/MyDrive/Capstone Coding Camp 2026/Dataset_Cleaned/B3/B3_156.jpg,B3_156.jpg,B3,0,300,300,RGB,train
/content/drive/MyDrive/Capstone Coding Camp 2026/Dataset_Cleaned/Plastic/Plastic_038.jpg,Plastic_038.jpg,Plastic,5,300,300,RGB,train
/content/drive/MyDrive/Capstone Coding Camp 2026/Dataset_Cleaned/Plastic/Plastic_073.jpg,Plastic_073.jpg,Plastic,5,300,300,RGB,train
/content/drive/MyDrive/Capstone Coding Camp 2026/Dataset_Cleaned/Plastic/Plastic_099.jpg,Plastic_099.jpg,Plastic,5,300,300,RGB,train
/content/drive/MyDrive/Capstone Coding Camp 2026/Dataset_Cleaned/Organic/Organic_083.jpg,Organic_083.jpg,Organic,3,300,300,RGB,train
/content/drive/MyDrive/Capstone Coding Camp 2026/Dataset_Cleaned/Glass/Glass_053.jpg,Glass_053.jpg,Glass,1,300,300,RGB,train
/content/drive/MyDrive/Capstone Coding Camp 2026/Dataset_Cleaned/Plastic/Plastic_079.jpg,Plastic_079.jpg,Plastic,5,300,300,RGB,train
/content/drive/MyDrive/Capstone Coding Camp 2026/Dataset_Cleaned/Glass/Glass_152.jpg,Glass_152.jpg,Glass,1,300,300,RGB,train
/content/drive/MyDrive/Capstone Coding Camp 2026/Dataset_Cleaned/Organic/Organic_126.jpg,Organic_126.jpg,Organic,3,300,300,RGB,train
/content/drive/MyDrive/Capstone Coding Camp 2026/Dataset_Cleaned/B3/B3_012.jpg,B3_012.jpg,B3,0,300,300,RGB,train
/content/drive/MyDrive/Capstone Coding Camp 2026/Dataset_Cleaned/Paper/Paper_099.jpg,Paper_099.jpg,Paper,4,300,300,RGB,train
/content/drive/MyDrive/Capstone Coding Camp 2026/Dataset_Cleaned/Metal/Metal_067.jpg,Metal_067.jpg,Metal,2,300,300,RGB,train
/content/drive/MyDrive/Capstone Coding Camp 2026/Dataset_Cleaned/Paper/Paper_149.jpg,Paper_149.jpg,Paper,4,300,300,RGB,train
/content/drive/MyDrive/Capstone Coding Camp 2026/Dataset_Cleaned/Glass/Glass_148.jpg,Glass_148.jpg,Glass,1,300,300,RGB,train
/content/drive/MyDrive/Capstone Coding Camp 2026/Dataset_Cleaned/Paper/Paper_184.jpg,Paper_184.jpg,Paper,4,300,300,RGB,train
/content/drive/MyDrive/Capstone Coding Camp 2026/Dataset_Cleaned/Plastic/Plastic_019.jpg,Plastic_019.jpg,Plastic,5,300,300,RGB,train
/content/drive/MyDrive/Capstone Coding Camp 2026/Dataset_Cleaned/Plastic/Plastic_161.jpg,Plastic_161.jpg,Plastic,5,300,300,RGB,train
/content/drive/MyDrive/Capstone Coding Camp 2026/Dataset_Cleaned/B3/B3_041.jpg,B3_041.jpg,B3,0,300,300,RGB,train
/content/drive/MyDrive/Capstone Coding Camp 2026/Dataset_Cleaned/Plastic/Plastic_082.jpg,Plastic_082.jpg,Plastic,5,300,300,RGB,train
/content/drive/MyDrive/Capstone Coding Camp 2026/Dataset_Cleaned/Paper/Paper_183.jpg,Paper_183.jpg,Paper,4,300,300,RGB,train
/content/drive/MyDrive/Capstone Coding Camp 2026/Dataset_Cleaned/Metal/Metal_103.jpg,Metal_103.jpg,Metal,2,300,300,RGB,train
/content/drive/MyDrive/Capstone Coding Camp 2026/Dataset_Cleaned/Metal/Metal_178.jpg,Metal_178.jpg,Metal,2,300,300,RGB,train
/content/drive/MyDrive/Capstone Coding Camp 2026/Dataset_Cleaned/Paper/Paper_152.jpg,Paper_152.jpg,Paper,4,300,300,RGB,train
/content/drive/MyDrive/Capstone Coding Camp 2026/Dataset_Cleaned/Plastic/Plastic_042.jpg,Plastic_042.jpg,Plastic,5,300,300,RGB,train
/content/drive/MyDrive/Capstone Coding Camp 2026/Dataset_Cleaned/Paper/Paper_168.jpg,Paper_168.jpg,Paper,4,300,300,RGB,train
/content/drive/MyDrive/Capstone Coding Camp 2026/Dataset_Cleaned/Paper/Paper_156.jpg,Paper_156.jpg,Paper,4,300,300,RGB,train
/content/drive/MyDrive/Capstone Coding Camp 2026/Dataset_Cleaned/Glass/Glass_095.jpg,Glass_095.jpg,Glass,1,300,300,RGB,train
/content/drive/MyDrive/Capstone Coding Camp 2026/Dataset_Cleaned/Metal/Metal_008.jpg,Metal_008.jpg,Metal,2,300,300,RGB,train
/content/drive/MyDrive/Capstone Coding Camp 2026/Dataset_Cleaned/Metal/Metal_098.jpg,Metal_098.jpg,Metal,2,300,300,RGB,train
/content/drive/MyDrive/Capstone Coding Camp 2026/Dataset_Cleaned/Organic/Organic_005.jpg,Organic_005.jpg,Organic,3,300,300,RGB,train
/content/drive/MyDrive/Capstone Coding Camp 2026/Dataset_Cleaned/Metal/Metal_007.jpg,Metal_007.jpg,Metal,2,300,300,RGB,train
/content/drive/MyDrive/Capstone Coding Camp 2026/Dataset_Cleaned/Plastic/Plastic_177.jpg,Plastic_177.jpg,Plastic,5,300,300,RGB,train
/content/drive/MyDrive/Capstone Coding Camp 2026/Dataset_Cleaned/Metal/Metal_176.jpg,Metal_176.jpg,Metal,2,300,300,RGB,train
/content/drive/MyDrive/Capstone Coding Camp 2026/Dataset_Cleaned/Metal/Metal_065.jpg,Metal_065.jpg,Metal,2,300,300,RGB,train
/content/drive/MyDrive/Capstone Coding Camp 2026/Dataset_Cleaned/Glass/Glass_143.jpg,Glass_143.jpg,Glass,1,300,300,RGB,train
/content/drive/MyDrive/Capstone Coding Camp 2026/Dataset_Cleaned/Organic/Organic_162.jpg,Organic_162.jpg,Organic,3,300,300,RGB,train
/content/drive/MyDrive/Capstone Coding Camp 2026/Dataset_Cleaned/B3/B3_142.jpg,B3_142.jpg,B3,0,300,300,RGB,train
/content/drive/MyDrive/Capstone Coding Camp 2026/Dataset_Cleaned/Metal/Metal_080.jpg,Metal_080.jpg,Metal,2,300,300,RGB,train
/content/drive/MyDrive/Capstone Coding Camp 2026/Dataset_Cleaned/Metal/Metal_169.jpg,Metal_169.jpg,Metal,2,300,300,RGB,train
/content/drive/MyDrive/Capstone Coding Camp 2026/Dataset_Cleaned/Plastic/Plastic_013.jpg,Plastic_013.jpg,Plastic,5,300,300,RGB,train
/content/drive/MyDrive/Capstone Coding Camp 2026/Dataset_Cleaned/Glass/Glass_011.jpg,Glass_011.jpg,Glass,1,300,300,RGB,train
/content/drive/MyDrive/Capstone Coding Camp 2026/Dataset_Cleaned/Metal/Metal_033.jpg,Metal_033.jpg,Metal,2,300,300,RGB,train
/content/drive/MyDrive/Capstone Coding Camp 2026/Dataset_Cleaned/Plastic/Plastic_031.jpg,Plastic_031.jpg,Plastic,5,300,300,RGB,train
/content/drive/MyDrive/Capstone Coding Camp 2026/Dataset_Cleaned/Organic/Organic_053.jpg,Organic_053.jpg,Organic,3,300,300,RGB,train
/content/drive/MyDrive/Capstone Coding Camp 2026/Dataset_Cleaned/Glass/Glass_022.jpg,Glass_022.jpg,Glass,1,300,300,RGB,train
/content/drive/MyDrive/Capstone Coding Camp 2026/Dataset_Cleaned/Glass/Glass_124.jpg,Glass_124.jpg,Glass,1,300,300,RGB,train
/content/drive/MyDrive/Capstone Coding Camp 2026/Dataset_Cleaned/Paper/Paper_193.jpg,Paper_193.jpg,Paper,4,300,300,RGB,train
/content/drive/MyDrive/Capstone Coding Camp 2026/Dataset_Cleaned/Paper/Paper_079.jpg,Paper_079.jpg,Paper,4,300,300,RGB,train
/content/drive/MyDrive/Capstone Coding Camp 2026/Dataset_Cleaned/Plastic/Plastic_008.jpg,Plastic_008.jpg,Plastic,5,300,300,RGB,train
/content/drive/MyDrive/Capstone Coding Camp 2026/Dataset_Cleaned/Plastic/Plastic_065.jpg,Plastic_065.jpg,Plastic,5,300,300,RGB,train
/content/drive/MyDrive/Capstone Coding Camp 2026/Dataset_Cleaned/Metal/Metal_049.jpg,Metal_049.jpg,Metal,2,300,300,RGB,train
/content/drive/MyDrive/Capstone Coding Camp 2026/Dataset_Cleaned/Glass/Glass_028.jpg,Glass_028.jpg,Glass,1,300,300,RGB,train
/content/drive/MyDrive/Capstone Coding Camp 2026/Dataset_Cleaned/Glass/Glass_141.jpg,Glass_141.jpg,Glass,1,300,300,RGB,train
/content/drive/MyDrive/Capstone Coding Camp 2026/Dataset_Cleaned/Glass/Glass_066.jpg,Glass_066.jpg,Glass,1,300,300,RGB,train
/content/drive/MyDrive/Capstone Coding Camp 2026/Dataset_Cleaned/Metal/Metal_144.jpg,Metal_144.jpg,Metal,2,300,300,RGB,train
/content/drive/MyDrive/Capstone Coding Camp 2026/Dataset_Cleaned/Organic/Organic_132.jpg,Organic_132.jpg,Organic,3,300,300,RGB,train
/content/drive/MyDrive/Capstone Coding Camp 2026/Dataset_Cleaned/Glass/Glass_167.jpg,Glass_167.jpg,Glass,1,300,300,RGB,train
/content/drive/MyDrive/Capstone Coding Camp 2026/Dataset_Cleaned/Metal/Metal_193.jpg,Metal_193.jpg,Metal,2,300,300,RGB,train
/content/drive/MyDrive/Capstone Coding Camp 2026/Dataset_Cleaned/Plastic/Plastic_147.jpg,Plastic_147.jpg,Plastic,5,300,300,RGB,train
/content/drive/MyDrive/Capstone Coding Camp 2026/Dataset_Cleaned/Paper/Paper_084.jpg,Paper_084.jpg,Paper,4,300,300,RGB,train
/content/drive/MyDrive/Capstone Coding Camp 2026/Dataset_Cleaned/Organic/Organic_170.jpg,Organic_170.jpg,Organic,3,300,300,RGB,train
/content/drive/MyDrive/Capstone Coding Camp 2026/Dataset_Cleaned/Organic/Organic_004.jpg,Organic_004.jpg,Organic,3,300,300,RGB,train
/content/drive/MyDrive/Capstone Coding Camp 2026/Dataset_Cleaned/Paper/Paper_177.jpg,Paper_177.jpg,Paper,4,300,300,RGB,train
/content/drive/MyDrive/Capstone Coding Camp 2026/Dataset_Cleaned/Glass/Glass_120.jpg,Glass_120.jpg,Glass,1,300,300,RGB,train
/content/drive/MyDrive/Capstone Coding Camp 2026/Dataset_Cleaned/Metal/Metal_036.jpg,Metal_036.jpg,Metal,2,300,300,RGB,train
/content/drive/MyDrive/Capstone Coding Camp 2026/Dataset_Cleaned/Plastic/Plastic_128.jpg,Plastic_128.jpg,Plastic,5,300,300,RGB,train
/content/drive/MyDrive/Capstone Coding Camp 2026/Dataset_Cleaned/Organic/Organic_187.jpg,Organic_187.jpg,Organic,3,300,300,RGB,train
/content/drive/MyDrive/Capstone Coding Camp 2026/Dataset_Cleaned/Paper/Paper_126.jpg,Paper_126.jpg,Paper,4,300,300,RGB,train
/content/drive/MyDrive/Capstone Coding Camp 2026/Dataset_Cleaned/Organic/Organic_019.jpg,Organic_019.jpg,Organic,3,300,300,RGB,train
/content/drive/MyDrive/Capstone Coding Camp 2026/Dataset_Cleaned/Paper/Paper_065.jpg,Paper_065.jpg,Paper,4,300,300,RGB,train
/content/drive/MyDrive/Capstone Coding Camp 2026/Dataset_Cleaned/Plastic/Plastic_075.jpg,Plastic_075.jpg,Plastic,5,300,300,RGB,train
/content/drive/MyDrive/Capstone Coding Camp 2026/Dataset_Cleaned/Glass/Glass_032.jpg,Glass_032.jpg,Glass,1,300,300,RGB,train
/content/drive/MyDrive/Capstone Coding Camp 2026/Dataset_Cleaned/Glass/Glass_160.jpg,Glass_160.jpg,Glass,1,300,300,RGB,train
/content/drive/MyDrive/Capstone Coding Camp 2026/Dataset_Cleaned/Paper/Paper_104.jpg,Paper_104.jpg,Paper,4,300,300,RGB,train
/content/drive/MyDrive/Capstone Coding Camp 2026/Dataset_Cleaned/Paper/Paper_182.jpg,Paper_182.jpg,Paper,4,300,300,RGB,train
/content/drive/MyDrive/Capstone Coding Camp 2026/Dataset_Cleaned/Glass/Glass_122.jpg,Glass_122.jpg,Glass,1,300,300,RGB,train
/content/drive/MyDrive/Capstone Coding Camp 2026/Dataset_Cleaned/Glass/Glass_051.jpg,Glass_051.jpg,Glass,1,300,300,RGB,train
/content/drive/MyDrive/Capstone Coding Camp 2026/Dataset_Cleaned/Glass/Glass_116.jpg,Glass_116.jpg,Glass,1,300,300,RGB,train
/content/drive/MyDrive/Capstone Coding Camp 2026/Dataset_Cleaned/Plastic/Plastic_185.jpg,Plastic_185.jpg,Plastic,5,300,300,RGB,train
/content/drive/MyDrive/Capstone Coding Camp 2026/Dataset_Cleaned/Glass/Glass_055.jpg,Glass_055.jpg,Glass,1,300,300,RGB,train
/content/drive/MyDrive/Capstone Coding Camp 2026/Dataset_Cleaned/Organic/Organic_038.jpg,Organic_038.jpg,Organic,3,300,300,RGB,train
/content/drive/MyDrive/Capstone Coding Camp 2026/Dataset_Cleaned/Plastic/Plastic_122.jpg,Plastic_122.jpg,Plastic,5,300,300,RGB,train
/content/drive/MyDrive/Capstone Coding Camp 2026/Dataset_Cleaned/Metal/Metal_190.jpg,Metal_190.jpg,Metal,2,300,300,RGB,train
/content/drive/MyDrive/Capstone Coding Camp 2026/Dataset_Cleaned/Metal/Metal_003.jpg,Metal_003.jpg,Metal,2,300,300,RGB,train
/content/drive/MyDrive/Capstone Coding Camp 2026/Dataset_Cleaned/Glass/Glass_106.jpg,Glass_106.jpg,Glass,1,300,300,RGB,train
/content/drive/MyDrive/Capstone Coding Camp 2026/Dataset_Cleaned/Paper/Paper_092.jpg,Paper_092.jpg,Paper,4,300,300,RGB,train
/content/drive/MyDrive/Capstone Coding Camp 2026/Dataset_Cleaned/Organic/Organic_011.jpg,Organic_011.jpg,Organic,3,300,300,RGB,train
/content/drive/MyDrive/Capstone Coding Camp 2026/Dataset_Cleaned/Paper/Paper_107.jpg,Paper_107.jpg,Paper,4,300,300,RGB,train
/content/drive/MyDrive/Capstone Coding Camp 2026/Dataset_Cleaned/B3/B3_087.jpg,B3_087.jpg,B3,0,300,300,RGB,train
/content/drive/MyDrive/Capstone Coding Camp 2026/Dataset_Cleaned/Organic/Organic_055.jpg,Organic_055.jpg,Organic,3,300,300,RGB,train
/content/drive/MyDrive/Capstone Coding Camp 2026/Dataset_Cleaned/Metal/Metal_024.jpg,Metal_024.jpg,Metal,2,300,300,RGB,train
/content/drive/MyDrive/Capstone Coding Camp 2026/Dataset_Cleaned/Plastic/Plastic_066.jpg,Plastic_066.jpg,Plastic,5,300,300,RGB,train
/content/drive/MyDrive/Capstone Coding Camp 2026/Dataset_Cleaned/Glass/Glass_052.jpg,Glass_052.jpg,Glass,1,300,300,RGB,train
/content/drive/MyDrive/Capstone Coding Camp 2026/Dataset_Cleaned/B3/B3_170.jpg,B3_170.jpg,B3,0,300,300,RGB,train
/content/drive/MyDrive/Capstone Coding Camp 2026/Dataset_Cleaned/Plastic/Plastic_193.jpg,Plastic_193.jpg,Plastic,5,300,300,RGB,train
/content/drive/MyDrive/Capstone Coding Camp 2026/Dataset_Cleaned/B3/B3_029.jpg,B3_029.jpg,B3,0,300,300,RGB,train
/content/drive/MyDrive/Capstone Coding Camp 2026/Dataset_Cleaned/Plastic/Plastic_057.jpg,Plastic_057.jpg,Plastic,5,300,300,RGB,train
/content/drive/MyDrive/Capstone Coding Camp 2026/Dataset_Cleaned/B3/B3_197.jpg,B3_197.jpg,B3,0,300,300,RGB,train
/content/drive/MyDrive/Capstone Coding Camp 2026/Dataset_Cleaned/Organic/Organic_068.jpg,Organic_068.jpg,Organic,3,300,300,RGB,train
/content/drive/MyDrive/Capstone Coding Camp 2026/Dataset_Cleaned/Organic/Organic_037.jpg,Organic_037.jpg,Organic,3,300,300,RGB,train
/content/drive/MyDrive/Capstone Coding Camp 2026/Dataset_Cleaned/Paper/Paper_122.jpg,Paper_122.jpg,Paper,4,300,300,RGB,train
/content/drive/MyDrive/Capstone Coding Camp 2026/Dataset_Cleaned/Plastic/Plastic_156.jpg,Plastic_156.jpg,Plastic,5,300,300,RGB,train
/content/drive/MyDrive/Capstone Coding Camp 2026/Dataset_Cleaned/B3/B3_008.jpg,B3_008.jpg,B3,0,300,300,RGB,train
/content/drive/MyDrive/Capstone Coding Camp 2026/Dataset_Cleaned/Organic/Organic_077.jpg,Organic_077.jpg,Organic,3,300,300,RGB,train
/content/drive/MyDrive/Capstone Coding Camp 2026/Dataset_Cleaned/Organic/Organic_051.jpg,Organic_051.jpg,Organic,3,300,300,RGB,train
/content/drive/MyDrive/Capstone Coding Camp 2026/Dataset_Cleaned/Glass/Glass_026.jpg,Glass_026.jpg,Glass,1,300,300,RGB,train
/content/drive/MyDrive/Capstone Coding Camp 2026/Dataset_Cleaned/Metal/Metal_079.jpg,Metal_079.jpg,Metal,2,300,300,RGB,train
/content/drive/MyDrive/Capstone Coding Camp 2026/Dataset_Cleaned/Organic/Organic_047.jpg,Organic_047.jpg,Organic,3,300,300,RGB,train
/content/drive/MyDrive/Capstone Coding Camp 2026/Dataset_Cleaned/B3/B3_143.jpg,B3_143.jpg,B3,0,300,300,RGB,train
/content/drive/MyDrive/Capstone Coding Camp 2026/Dataset_Cleaned/Metal/Metal_074.jpg,Metal_074.jpg,Metal,2,300,300,RGB,train
/content/drive/MyDrive/Capstone Coding Camp 2026/Dataset_Cleaned/Glass/Glass_134.jpg,Glass_134.jpg,Glass,1,300,300,RGB,train
/content/drive/MyDrive/Capstone Coding Camp 2026/Dataset_Cleaned/Paper/Paper_191.jpg,Paper_191.jpg,Paper,4,300,300,RGB,train
/content/drive/MyDrive/Capstone Coding Camp 2026/Dataset_Cleaned/Metal/Metal_088.jpg,Metal_088.jpg,Metal,2,300,300,RGB,train
/content/drive/MyDrive/Capstone Coding Camp 2026/Dataset_Cleaned/B3/B3_163.jpg,B3_163.jpg,B3,0,300,300,RGB,train
/content/drive/MyDrive/Capstone Coding Camp 2026/Dataset_Cleaned/Organic/Organic_095.jpg,Organic_095.jpg,Organic,3,300,300,RGB,train
/content/drive/MyDrive/Capstone Coding Camp 2026/Dataset_Cleaned/Paper/Paper_070.jpg,Paper_070.jpg,Paper,4,300,300,RGB,train
/content/drive/MyDrive/Capstone Coding Camp 2026/Dataset_Cleaned/Plastic/Plastic_146.jpg,Plastic_146.jpg,Plastic,5,300,300,RGB,train
/content/drive/MyDrive/Capstone Coding Camp 2026/Dataset_Cleaned/Paper/Paper_146.jpg,Paper_146.jpg,Paper,4,300,300,RGB,train
/content/drive/MyDrive/Capstone Coding Camp 2026/Dataset_Cleaned/B3/B3_190.jpg,B3_190.jpg,B3,0,300,300,RGB,train
/content/drive/MyDrive/Capstone Coding Camp 2026/Dataset_Cleaned/Paper/Paper_060.jpg,Paper_060.jpg,Paper,4,300,300,RGB,train
/content/drive/MyDrive/Capstone Coding Camp 2026/Dataset_Cleaned/Glass/Glass_197.jpg,Glass_197.jpg,Glass,1,300,300,RGB,train
/content/drive/MyDrive/Capstone Coding Camp 2026/Dataset_Cleaned/Organic/Organic_122.jpg,Organic_122.jpg,Organic,3,300,300,RGB,train
/content/drive/MyDrive/Capstone Coding Camp 2026/Dataset_Cleaned/B3/B3_047.jpg,B3_047.jpg,B3,0,300,300,RGB,train
/content/drive/MyDrive/Capstone Coding Camp 2026/Dataset_Cleaned/Organic/Organic_164.jpg,Organic_164.jpg,Organic,3,300,300,RGB,train
/content/drive/MyDrive/Capstone Coding Camp 2026/Dataset_Cleaned/Organic/Organic_192.jpg,Organic_192.jpg,Organic,3,300,300,RGB,train
/content/drive/MyDrive/Capstone Coding Camp 2026/Dataset_Cleaned/Glass/Glass_075.jpg,Glass_075.jpg,Glass,1,300,300,RGB,train
/content/drive/MyDrive/Capstone Coding Camp 2026/Dataset_Cleaned/B3/B3_089.jpg,B3_089.jpg,B3,0,300,300,RGB,train
/content/drive/MyDrive/Capstone Coding Camp 2026/Dataset_Cleaned/Plastic/Plastic_186.jpg,Plastic_186.jpg,Plastic,5,300,300,RGB,train
/content/drive/MyDrive/Capstone Coding Camp 2026/Dataset_Cleaned/Organic/Organic_183.jpg,Organic_183.jpg,Organic,3,300,300,RGB,train
/content/drive/MyDrive/Capstone Coding Camp 2026/Dataset_Cleaned/B3/B3_120.jpg,B3_120.jpg,B3,0,300,300,RGB,train
/content/drive/MyDrive/Capstone Coding Camp 2026/Dataset_Cleaned/B3/B3_007.jpg,B3_007.jpg,B3,0,300,300,RGB,train
/content/drive/MyDrive/Capstone Coding Camp 2026/Dataset_Cleaned/B3/B3_096.jpg,B3_096.jpg,B3,0,300,300,RGB,train
/content/drive/MyDrive/Capstone Coding Camp 2026/Dataset_Cleaned/Plastic/Plastic_115.jpg,Plastic_115.jpg,Plastic,5,300,300,RGB,train
/content/drive/MyDrive/Capstone Coding Camp 2026/Dataset_Cleaned/Paper/Paper_069.jpg,Paper_069.jpg,Paper,4,300,300,RGB,train
/content/drive/MyDrive/Capstone Coding Camp 2026/Dataset_Cleaned/B3/B3_078.jpg,B3_078.jpg,B3,0,300,300,RGB,train
/content/drive/MyDrive/Capstone Coding Camp 2026/Dataset_Cleaned/Glass/Glass_196.jpg,Glass_196.jpg,Glass,1,300,300,RGB,train
/content/drive/MyDrive/Capstone Coding Camp 2026/Dataset_Cleaned/Paper/Paper_057.jpg,Paper_057.jpg,Paper,4,300,300,RGB,train
/content/drive/MyDrive/Capstone Coding Camp 2026/Dataset_Cleaned/Plastic/Plastic_024.jpg,Plastic_024.jpg,Plastic,5,300,300,RGB,train
/content/drive/MyDrive/Capstone Coding Camp 2026/Dataset_Cleaned/Plastic/Plastic_154.jpg,Plastic_154.jpg,Plastic,5,300,300,RGB,train
/content/drive/MyDrive/Capstone Coding Camp 2026/Dataset_Cleaned/B3/B3_195.jpg,B3_195.jpg,B3,0,300,300,RGB,train
/content/drive/MyDrive/Capstone Coding Camp 2026/Dataset_Cleaned/Organic/Organic_021.jpg,Organic_021.jpg,Organic,3,300,300,RGB,train
/content/drive/MyDrive/Capstone Coding Camp 2026/Dataset_Cleaned/Organic/Organic_142.jpg,Organic_142.jpg,Organic,3,300,300,RGB,train
/content/drive/MyDrive/Capstone Coding Camp 2026/Dataset_Cleaned/Glass/Glass_156.jpg,Glass_156.jpg,Glass,1,300,300,RGB,train
/content/drive/MyDrive/Capstone Coding Camp 2026/Dataset_Cleaned/Plastic/Plastic_041.jpg,Plastic_041.jpg,Plastic,5,300,300,RGB,train
/content/drive/MyDrive/Capstone Coding Camp 2026/Dataset_Cleaned/Organic/Organic_196.jpg,Organic_196.jpg,Organic,3,300,300,RGB,train
/content/drive/MyDrive/Capstone Coding Camp 2026/Dataset_Cleaned/Metal/Metal_071.jpg,Metal_071.jpg,Metal,2,300,300,RGB,train
/content/drive/MyDrive/Capstone Coding Camp 2026/Dataset_Cleaned/Organic/Organic_156.jpg,Organic_156.jpg,Organic,3,300,300,RGB,train
/content/drive/MyDrive/Capstone Coding Camp 2026/Dataset_Cleaned/Plastic/Plastic_129.jpg,Plastic_129.jpg,Plastic,5,300,300,RGB,train
/content/drive/MyDrive/Capstone Coding Camp 2026/Dataset_Cleaned/Glass/Glass_059.jpg,Glass_059.jpg,Glass,1,300,300,RGB,train
/content/drive/MyDrive/Capstone Coding Camp 2026/Dataset_Cleaned/Organic/Organic_186.jpg,Organic_186.jpg,Organic,3,300,300,RGB,train
/content/drive/MyDrive/Capstone Coding Camp 2026/Dataset_Cleaned/Glass/Glass_080.jpg,Glass_080.jpg,Glass,1,300,300,RGB,train
/content/drive/MyDrive/Capstone Coding Camp 2026/Dataset_Cleaned/Plastic/Plastic_039.jpg,Plastic_039.jpg,Plastic,5,300,300,RGB,train
/content/drive/MyDrive/Capstone Coding Camp 2026/Dataset_Cleaned/Metal/Metal_058.jpg,Metal_058.jpg,Metal,2,300,300,RGB,train
/content/drive/MyDrive/Capstone Coding Camp 2026/Dataset_Cleaned/Metal/Metal_200.jpg,Metal_200.jpg,Metal,2,300,300,RGB,train
/content/drive/MyDrive/Capstone Coding Camp 2026/Dataset_Cleaned/B3/B3_119.jpg,B3_119.jpg,B3,0,300,300,RGB,train
/content/drive/MyDrive/Capstone Coding Camp 2026/Dataset_Cleaned/Metal/Metal_165.jpg,Metal_165.jpg,Metal,2,300,300,RGB,train
/content/drive/MyDrive/Capstone Coding Camp 2026/Dataset_Cleaned/Paper/Paper_002.jpg,Paper_002.jpg,Paper,4,300,300,RGB,train
/content/drive/MyDrive/Capstone Coding Camp 2026/Dataset_Cleaned/Paper/Paper_010.jpg,Paper_010.jpg,Paper,4,300,300,RGB,train
/content/drive/MyDrive/Capstone Coding Camp 2026/Dataset_Cleaned/Plastic/Plastic_152.jpg,Plastic_152.jpg,Plastic,5,300,300,RGB,train
/content/drive/MyDrive/Capstone Coding Camp 2026/Dataset_Cleaned/B3/B3_179.jpg,B3_179.jpg,B3,0,300,300,RGB,train
/content/drive/MyDrive/Capstone Coding Camp 2026/Dataset_Cleaned/Metal/Metal_105.jpg,Metal_105.jpg,Metal,2,300,300,RGB,train
/content/drive/MyDrive/Capstone Coding Camp 2026/Dataset_Cleaned/Glass/Glass_034.jpg,Glass_034.jpg,Glass,1,300,300,RGB,train
/content/drive/MyDrive/Capstone Coding Camp 2026/Dataset_Cleaned/Glass/Glass_074.jpg,Glass_074.jpg,Glass,1,300,300,RGB,train
/content/drive/MyDrive/Capstone Coding Camp 2026/Dataset_Cleaned/B3/B3_034.jpg,B3_034.jpg,B3,0,300,300,RGB,train
/content/drive/MyDrive/Capstone Coding Camp 2026/Dataset_Cleaned/Paper/Paper_023.jpg,Paper_023.jpg,Paper,4,300,300,RGB,train
/content/drive/MyDrive/Capstone Coding Camp 2026/Dataset_Cleaned/Organic/Organic_173.jpg,Organic_173.jpg,Organic,3,300,300,RGB,train
/content/drive/MyDrive/Capstone Coding Camp 2026/Dataset_Cleaned/B3/B3_162.jpg,B3_162.jpg,B3,0,300,300,RGB,train
/content/drive/MyDrive/Capstone Coding Camp 2026/Dataset_Cleaned/Metal/Metal_006.jpg,Metal_006.jpg,Metal,2,300,300,RGB,train
/content/drive/MyDrive/Capstone Coding Camp 2026/Dataset_Cleaned/Glass/Glass_025.jpg,Glass_025.jpg,Glass,1,300,300,RGB,train
/content/drive/MyDrive/Capstone Coding Camp 2026/Dataset_Cleaned/Plastic/Plastic_105.jpg,Plastic_105.jpg,Plastic,5,300,300,RGB,train
/content/drive/MyDrive/Capstone Coding Camp 2026/Dataset_Cleaned/Metal/Metal_110.jpg,Metal_110.jpg,Metal,2,300,300,RGB,train
/content/drive/MyDrive/Capstone Coding Camp 2026/Dataset_Cleaned/Metal/Metal_041.jpg,Metal_041.jpg,Metal,2,300,300,RGB,train
/content/drive/MyDrive/Capstone Coding Camp 2026/Dataset_Cleaned/Paper/Paper_032.jpg,Paper_032.jpg,Paper,4,300,300,RGB,train
/content/drive/MyDrive/Capstone Coding Camp 2026/Dataset_Cleaned/Plastic/Plastic_130.jpg,Plastic_130.jpg,Plastic,5,300,300,RGB,train
/content/drive/MyDrive/Capstone Coding Camp 2026/Dataset_Cleaned/Metal/Metal_014.jpg,Metal_014.jpg,Metal,2,300,300,RGB,train
/content/drive/MyDrive/Capstone Coding Camp 2026/Dataset_Cleaned/B3/B3_017.jpg,B3_017.jpg,B3,0,300,300,RGB,train
/content/drive/MyDrive/Capstone Coding Camp 2026/Dataset_Cleaned/Paper/Paper_051.jpg,Paper_051.jpg,Paper,4,300,300,RGB,train
/content/drive/MyDrive/Capstone Coding Camp 2026/Dataset_Cleaned/Organic/Organic_014.jpg,Organic_014.jpg,Organic,3,300,300,RGB,train
/content/drive/MyDrive/Capstone Coding Camp 2026/Dataset_Cleaned/Paper/Paper_102.jpg,Paper_102.jpg,Paper,4,300,300,RGB,train
/content/drive/MyDrive/Capstone Coding Camp 2026/Dataset_Cleaned/Plastic/Plastic_135.jpg,Plastic_135.jpg,Plastic,5,300,300,RGB,train
/content/drive/MyDrive/Capstone Coding Camp 2026/Dataset_Cleaned/Plastic/Plastic_112.jpg,Plastic_112.jpg,Plastic,5,300,300,RGB,train
/content/drive/MyDrive/Capstone Coding Camp 2026/Dataset_Cleaned/Metal/Metal_054.jpg,Metal_054.jpg,Metal,2,300,300,RGB,train
/content/drive/MyDrive/Capstone Coding Camp 2026/Dataset_Cleaned/Paper/Paper_090.jpg,Paper_090.jpg,Paper,4,300,300,RGB,train
/content/drive/MyDrive/Capstone Coding Camp 2026/Dataset_Cleaned/Organic/Organic_139.jpg,Organic_139.jpg,Organic,3,300,300,RGB,train
/content/drive/MyDrive/Capstone Coding Camp 2026/Dataset_Cleaned/Glass/Glass_006.jpg,Glass_006.jpg,Glass,1,300,300,RGB,train
/content/drive/MyDrive/Capstone Coding Camp 2026/Dataset_Cleaned/Plastic/Plastic_149.jpg,Plastic_149.jpg,Plastic,5,300,300,RGB,train
/content/drive/MyDrive/Capstone Coding Camp 2026/Dataset_Cleaned/Glass/Glass_176.jpg,Glass_176.jpg,Glass,1,300,300,RGB,train
/content/drive/MyDrive/Capstone Coding Camp 2026/Dataset_Cleaned/Paper/Paper_009.jpg,Paper_009.jpg,Paper,4,300,300,RGB,train
/content/drive/MyDrive/Capstone Coding Camp 2026/Dataset_Cleaned/Metal/Metal_137.jpg,Metal_137.jpg,Metal,2,300,300,RGB,train
/content/drive/MyDrive/Capstone Coding Camp 2026/Dataset_Cleaned/B3/B3_054.jpg,B3_054.jpg,B3,0,300,300,RGB,train
/content/drive/MyDrive/Capstone Coding Camp 2026/Dataset_Cleaned/Metal/Metal_175.jpg,Metal_175.jpg,Metal,2,300,300,RGB,train
/content/drive/MyDrive/Capstone Coding Camp 2026/Dataset_Cleaned/Paper/Paper_045.jpg,Paper_045.jpg,Paper,4,300,300,RGB,train
/content/drive/MyDrive/Capstone Coding Camp 2026/Dataset_Cleaned/Paper/Paper_117.jpg,Paper_117.jpg,Paper,4,300,300,RGB,train
/content/drive/MyDrive/Capstone Coding Camp 2026/Dataset_Cleaned/Paper/Paper_176.jpg,Paper_176.jpg,Paper,4,300,300,RGB,train
/content/drive/MyDrive/Capstone Coding Camp 2026/Dataset_Cleaned/Metal/Metal_124.jpg,Metal_124.jpg,Metal,2,300,300,RGB,train
/content/drive/MyDrive/Capstone Coding Camp 2026/Dataset_Cleaned/Glass/Glass_192.jpg,Glass_192.jpg,Glass,1,300,300,RGB,train
/content/drive/MyDrive/Capstone Coding Camp 2026/Dataset_Cleaned/Paper/Paper_064.jpg,Paper_064.jpg,Paper,4,300,300,RGB,train
/content/drive/MyDrive/Capstone Coding Camp 2026/Dataset_Cleaned/B3/B3_183.jpg,B3_183.jpg,B3,0,300,300,RGB,train
/content/drive/MyDrive/Capstone Coding Camp 2026/Dataset_Cleaned/B3/B3_174.jpg,B3_174.jpg,B3,0,300,300,RGB,train
/content/drive/MyDrive/Capstone Coding Camp 2026/Dataset_Cleaned/B3/B3_169.jpg,B3_169.jpg,B3,0,300,300,RGB,train
/content/drive/MyDrive/Capstone Coding Camp 2026/Dataset_Cleaned/Metal/Metal_063.jpg,Metal_063.jpg,Metal,2,300,300,RGB,train
/content/drive/MyDrive/Capstone Coding Camp 2026/Dataset_Cleaned/B3/B3_026.jpg,B3_026.jpg,B3,0,300,300,RGB,train
/content/drive/MyDrive/Capstone Coding Camp 2026/Dataset_Cleaned/Plastic/Plastic_076.jpg,Plastic_076.jpg,Plastic,5,300,300,RGB,train
/content/drive/MyDrive/Capstone Coding Camp 2026/Dataset_Cleaned/Glass/Glass_119.jpg,Glass_119.jpg,Glass,1,300,300,RGB,train
/content/drive/MyDrive/Capstone Coding Camp 2026/Dataset_Cleaned/B3/B3_022.jpg,B3_022.jpg,B3,0,300,300,RGB,train
/content/drive/MyDrive/Capstone Coding Camp 2026/Dataset_Cleaned/Plastic/Plastic_052.jpg,Plastic_052.jpg,Plastic,5,300,300,RGB,train
/content/drive/MyDrive/Capstone Coding Camp 2026/Dataset_Cleaned/Paper/Paper_105.jpg,Paper_105.jpg,Paper,4,300,300,RGB,train
/content/drive/MyDrive/Capstone Coding Camp 2026/Dataset_Cleaned/B3/B3_125.jpg,B3_125.jpg,B3,0,300,300,RGB,train
/content/drive/MyDrive/Capstone Coding Camp 2026/Dataset_Cleaned/B3/B3_013.jpg,B3_013.jpg,B3,0,300,300,RGB,train
/content/drive/MyDrive/Capstone Coding Camp 2026/Dataset_Cleaned/Organic/Organic_029.jpg,Organic_029.jpg,Organic,3,300,300,RGB,train
/content/drive/MyDrive/Capstone Coding Camp 2026/Dataset_Cleaned/Paper/Paper_076.jpg,Paper_076.jpg,Paper,4,300,300,RGB,train
/content/drive/MyDrive/Capstone Coding Camp 2026/Dataset_Cleaned/B3/B3_066.jpg,B3_066.jpg,B3,0,300,300,RGB,train
/content/drive/MyDrive/Capstone Coding Camp 2026/Dataset_Cleaned/Organic/Organic_064.jpg,Organic_064.jpg,Organic,3,300,300,RGB,train
/content/drive/MyDrive/Capstone Coding Camp 2026/Dataset_Cleaned/Glass/Glass_097.jpg,Glass_097.jpg,Glass,1,300,300,RGB,train
/content/drive/MyDrive/Capstone Coding Camp 2026/Dataset_Cleaned/Glass/Glass_178.jpg,Glass_178.jpg,Glass,1,300,300,RGB,train
/content/drive/MyDrive/Capstone Coding Camp 2026/Dataset_Cleaned/Glass/Glass_139.jpg,Glass_139.jpg,Glass,1,300,300,RGB,train
/content/drive/MyDrive/Capstone Coding Camp 2026/Dataset_Cleaned/Metal/Metal_013.jpg,Metal_013.jpg,Metal,2,300,300,RGB,train
/content/drive/MyDrive/Capstone Coding Camp 2026/Dataset_Cleaned/Metal/Metal_153.jpg,Metal_153.jpg,Metal,2,300,300,RGB,train
/content/drive/MyDrive/Capstone Coding Camp 2026/Dataset_Cleaned/Glass/Glass_164.jpg,Glass_164.jpg,Glass,1,300,300,RGB,train
/content/drive/MyDrive/Capstone Coding Camp 2026/Dataset_Cleaned/Organic/Organic_044.jpg,Organic_044.jpg,Organic,3,300,300,RGB,train
/content/drive/MyDrive/Capstone Coding Camp 2026/Dataset_Cleaned/Organic/Organic_070.jpg,Organic_070.jpg,Organic,3,300,300,RGB,train
/content/drive/MyDrive/Capstone Coding Camp 2026/Dataset_Cleaned/Organic/Organic_093.jpg,Organic_093.jpg,Organic,3,300,300,RGB,train
/content/drive/MyDrive/Capstone Coding Camp 2026/Dataset_Cleaned/Glass/Glass_105.jpg,Glass_105.jpg,Glass,1,300,300,RGB,train
/content/drive/MyDrive/Capstone Coding Camp 2026/Dataset_Cleaned/B3/B3_151.jpg,B3_151.jpg,B3,0,300,300,RGB,train
/content/drive/MyDrive/Capstone Coding Camp 2026/Dataset_Cleaned/Plastic/Plastic_104.jpg,Plastic_104.jpg,Plastic,5,300,300,RGB,train
/content/drive/MyDrive/Capstone Coding Camp 2026/Dataset_Cleaned/Plastic/Plastic_054.jpg,Plastic_054.jpg,Plastic,5,300,300,RGB,train
/content/drive/MyDrive/Capstone Coding Camp 2026/Dataset_Cleaned/B3/B3_019.jpg,B3_019.jpg,B3,0,300,300,RGB,train
/content/drive/MyDrive/Capstone Coding Camp 2026/Dataset_Cleaned/Plastic/Plastic_199.jpg,Plastic_199.jpg,Plastic,5,300,300,RGB,train
/content/drive/MyDrive/Capstone Coding Camp 2026/Dataset_Cleaned/B3/B3_014.jpg,B3_014.jpg,B3,0,300,300,RGB,train
/content/drive/MyDrive/Capstone Coding Camp 2026/Dataset_Cleaned/Paper/Paper_164.jpg,Paper_164.jpg,Paper,4,300,300,RGB,train
/content/drive/MyDrive/Capstone Coding Camp 2026/Dataset_Cleaned/Glass/Glass_149.jpg,Glass_149.jpg,Glass,1,300,300,RGB,train
/content/drive/MyDrive/Capstone Coding Camp 2026/Dataset_Cleaned/Plastic/Plastic_109.jpg,Plastic_109.jpg,Plastic,5,300,300,RGB,train
/content/drive/MyDrive/Capstone Coding Camp 2026/Dataset_Cleaned/Paper/Paper_101.jpg,Paper_101.jpg,Paper,4,300,300,RGB,train
/content/drive/MyDrive/Capstone Coding Camp 2026/Dataset_Cleaned/Metal/Metal_095.jpg,Metal_095.jpg,Metal,2,300,300,RGB,train
/content/drive/MyDrive/Capstone Coding Camp 2026/Dataset_Cleaned/Metal/Metal_106.jpg,Metal_106.jpg,Metal,2,300,300,RGB,train
/content/drive/MyDrive/Capstone Coding Camp 2026/Dataset_Cleaned/Organic/Organic_084.jpg,Organic_084.jpg,Organic,3,300,300,RGB,train
/content/drive/MyDrive/Capstone Coding Camp 2026/Dataset_Cleaned/Plastic/Plastic_015.jpg,Plastic_015.jpg,Plastic,5,300,300,RGB,train
/content/drive/MyDrive/Capstone Coding Camp 2026/Dataset_Cleaned/B3/B3_194.jpg,B3_194.jpg,B3,0,300,300,RGB,train
/content/drive/MyDrive/Capstone Coding Camp 2026/Dataset_Cleaned/Glass/Glass_042.jpg,Glass_042.jpg,Glass,1,300,300,RGB,train
/content/drive/MyDrive/Capstone Coding Camp 2026/Dataset_Cleaned/Plastic/Plastic_189.jpg,Plastic_189.jpg,Plastic,5,300,300,RGB,train
/content/drive/MyDrive/Capstone Coding Camp 2026/Dataset_Cleaned/Glass/Glass_040.jpg,Glass_040.jpg,Glass,1,300,300,RGB,train
/content/drive/MyDrive/Capstone Coding Camp 2026/Dataset_Cleaned/Glass/Glass_136.jpg,Glass_136.jpg,Glass,1,300,300,RGB,train
/content/drive/MyDrive/Capstone Coding Camp 2026/Dataset_Cleaned/Organic/Organic_113.jpg,Organic_113.jpg,Organic,3,300,300,RGB,train
/content/drive/MyDrive/Capstone Coding Camp 2026/Dataset_Cleaned/Metal/Metal_122.jpg,Metal_122.jpg,Metal,2,300,300,RGB,train
/content/drive/MyDrive/Capstone Coding Camp 2026/Dataset_Cleaned/B3/B3_121.jpg,B3_121.jpg,B3,0,300,300,RGB,train
/content/drive/MyDrive/Capstone Coding Camp 2026/Dataset_Cleaned/Organic/Organic_129.jpg,Organic_129.jpg,Organic,3,300,300,RGB,train
/content/drive/MyDrive/Capstone Coding Camp 2026/Dataset_Cleaned/Plastic/Plastic_009.jpg,Plastic_009.jpg,Plastic,5,300,300,RGB,train
/content/drive/MyDrive/Capstone Coding Camp 2026/Dataset_Cleaned/Metal/Metal_010.jpg,Metal_010.jpg,Metal,2,300,300,RGB,train
/content/drive/MyDrive/Capstone Coding Camp 2026/Dataset_Cleaned/Plastic/Plastic_027.jpg,Plastic_027.jpg,Plastic,5,300,300,RGB,train
/content/drive/MyDrive/Capstone Coding Camp 2026/Dataset_Cleaned/Organic/Organic_025.jpg,Organic_025.jpg,Organic,3,300,300,RGB,train
/content/drive/MyDrive/Capstone Coding Camp 2026/Dataset_Cleaned/Plastic/Plastic_020.jpg,Plastic_020.jpg,Plastic,5,300,300,RGB,train
/content/drive/MyDrive/Capstone Coding Camp 2026/Dataset_Cleaned/Organic/Organic_106.jpg,Organic_106.jpg,Organic,3,300,300,RGB,train
/content/drive/MyDrive/Capstone Coding Camp 2026/Dataset_Cleaned/B3/B3_036.jpg,B3_036.jpg,B3,0,300,300,RGB,train
/content/drive/MyDrive/Capstone Coding Camp 2026/Dataset_Cleaned/Plastic/Plastic_074.jpg,Plastic_074.jpg,Plastic,5,300,300,RGB,train
/content/drive/MyDrive/Capstone Coding Camp 2026/Dataset_Cleaned/Metal/Metal_196.jpg,Metal_196.jpg,Metal,2,300,300,RGB,train
/content/drive/MyDrive/Capstone Coding Camp 2026/Dataset_Cleaned/Organic/Organic_189.jpg,Organic_189.jpg,Organic,3,300,300,RGB,train
/content/drive/MyDrive/Capstone Coding Camp 2026/Dataset_Cleaned/Metal/Metal_020.jpg,Metal_020.jpg,Metal,2,300,300,RGB,train
/content/drive/MyDrive/Capstone Coding Camp 2026/Dataset_Cleaned/Paper/Paper_096.jpg,Paper_096.jpg,Paper,4,300,300,RGB,train
/content/drive/MyDrive/Capstone Coding Camp 2026/Dataset_Cleaned/Glass/Glass_018.jpg,Glass_018.jpg,Glass,1,300,300,RGB,train
/content/drive/MyDrive/Capstone Coding Camp 2026/Dataset_Cleaned/B3/B3_067.jpg,B3_067.jpg,B3,0,300,300,RGB,train
/content/drive/MyDrive/Capstone Coding Camp 2026/Dataset_Cleaned/Glass/Glass_003.jpg,Glass_003.jpg,Glass,1,300,300,RGB,train
/content/drive/MyDrive/Capstone Coding Camp 2026/Dataset_Cleaned/Paper/Paper_044.jpg,Paper_044.jpg,Paper,4,300,300,RGB,train
/content/drive/MyDrive/Capstone Coding Camp 2026/Dataset_Cleaned/Plastic/Plastic_123.jpg,Plastic_123.jpg,Plastic,5,300,300,RGB,train
/content/drive/MyDrive/Capstone Coding Camp 2026/Dataset_Cleaned/Metal/Metal_089.jpg,Metal_089.jpg,Metal,2,300,300,RGB,train
/content/drive/MyDrive/Capstone Coding Camp 2026/Dataset_Cleaned/B3/B3_062.jpg,B3_062.jpg,B3,0,300,300,RGB,train
/content/drive/MyDrive/Capstone Coding Camp 2026/Dataset_Cleaned/Plastic/Plastic_061.jpg,Plastic_061.jpg,Plastic,5,300,300,RGB,train
/content/drive/MyDrive/Capstone Coding Camp 2026/Dataset_Cleaned/Organic/Organic_179.jpg,Organic_179.jpg,Organic,3,300,300,RGB,train
/content/drive/MyDrive/Capstone Coding Camp 2026/Dataset_Cleaned/Glass/Glass_043.jpg,Glass_043.jpg,Glass,1,300,300,RGB,train
/content/drive/MyDrive/Capstone Coding Camp 2026/Dataset_Cleaned/Glass/Glass_058.jpg,Glass_058.jpg,Glass,1,300,300,RGB,train
/content/drive/MyDrive/Capstone Coding Camp 2026/Dataset_Cleaned/Organic/Organic_092.jpg,Organic_092.jpg,Organic,3,300,300,RGB,train
/content/drive/MyDrive/Capstone Coding Camp 2026/Dataset_Cleaned/Organic/Organic_175.jpg,Organic_175.jpg,Organic,3,300,300,RGB,train
/content/drive/MyDrive/Capstone Coding Camp 2026/Dataset_Cleaned/Organic/Organic_153.jpg,Organic_153.jpg,Organic,3,300,300,RGB,train
/content/drive/MyDrive/Capstone Coding Camp 2026/Dataset_Cleaned/B3/B3_104.jpg,B3_104.jpg,B3,0,300,300,RGB,train
/content/drive/MyDrive/Capstone Coding Camp 2026/Dataset_Cleaned/Metal/Metal_002.jpg,Metal_002.jpg,Metal,2,300,300,RGB,train
/content/drive/MyDrive/Capstone Coding Camp 2026/Dataset_Cleaned/B3/B3_180.jpg,B3_180.jpg,B3,0,300,300,RGB,train
/content/drive/MyDrive/Capstone Coding Camp 2026/Dataset_Cleaned/B3/B3_133.jpg,B3_133.jpg,B3,0,300,300,RGB,train
/content/drive/MyDrive/Capstone Coding Camp 2026/Dataset_Cleaned/B3/B3_006.jpg,B3_006.jpg,B3,0,300,300,RGB,train
/content/drive/MyDrive/Capstone Coding Camp 2026/Dataset_Cleaned/Plastic/Plastic_162.jpg,Plastic_162.jpg,Plastic,5,300,300,RGB,train
/content/drive/MyDrive/Capstone Coding Camp 2026/Dataset_Cleaned/Metal/Metal_127.jpg,Metal_127.jpg,Metal,2,300,300,RGB,train
/content/drive/MyDrive/Capstone Coding Camp 2026/Dataset_Cleaned/Glass/Glass_010.jpg,Glass_010.jpg,Glass,1,300,300,RGB,train
/content/drive/MyDrive/Capstone Coding Camp 2026/Dataset_Cleaned/Paper/Paper_068.jpg,Paper_068.jpg,Paper,4,300,300,RGB,train
/content/drive/MyDrive/Capstone Coding Camp 2026/Dataset_Cleaned/Paper/Paper_036.jpg,Paper_036.jpg,Paper,4,300,300,RGB,train
/content/drive/MyDrive/Capstone Coding Camp 2026/Dataset_Cleaned/B3/B3_116.jpg,B3_116.jpg,B3,0,300,300,RGB,train
/content/drive/MyDrive/Capstone Coding Camp 2026/Dataset_Cleaned/Paper/Paper_173.jpg,Paper_173.jpg,Paper,4,300,300,RGB,train
/content/drive/MyDrive/Capstone Coding Camp 2026/Dataset_Cleaned/Glass/Glass_085.jpg,Glass_085.jpg,Glass,1,300,300,RGB,train
/content/drive/MyDrive/Capstone Coding Camp 2026/Dataset_Cleaned/Glass/Glass_155.jpg,Glass_155.jpg,Glass,1,300,300,RGB,train
/content/drive/MyDrive/Capstone Coding Camp 2026/Dataset_Cleaned/Plastic/Plastic_023.jpg,Plastic_023.jpg,Plastic,5,300,300,RGB,train
/content/drive/MyDrive/Capstone Coding Camp 2026/Dataset_Cleaned/B3/B3_030.jpg,B3_030.jpg,B3,0,300,300,RGB,train
/content/drive/MyDrive/Capstone Coding Camp 2026/Dataset_Cleaned/Metal/Metal_151.jpg,Metal_151.jpg,Metal,2,300,300,RGB,train
/content/drive/MyDrive/Capstone Coding Camp 2026/Dataset_Cleaned/Plastic/Plastic_183.jpg,Plastic_183.jpg,Plastic,5,300,300,RGB,train
/content/drive/MyDrive/Capstone Coding Camp 2026/Dataset_Cleaned/Organic/Organic_198.jpg,Organic_198.jpg,Organic,3,300,300,RGB,train
/content/drive/MyDrive/Capstone Coding Camp 2026/Dataset_Cleaned/Plastic/Plastic_077.jpg,Plastic_077.jpg,Plastic,5,300,300,RGB,train
/content/drive/MyDrive/Capstone Coding Camp 2026/Dataset_Cleaned/Metal/Metal_166.jpg,Metal_166.jpg,Metal,2,300,300,RGB,train
/content/drive/MyDrive/Capstone Coding Camp 2026/Dataset_Cleaned/B3/B3_076.jpg,B3_076.jpg,B3,0,300,300,RGB,train
/content/drive/MyDrive/Capstone Coding Camp 2026/Dataset_Cleaned/Metal/Metal_094.jpg,Metal_094.jpg,Metal,2,300,300,RGB,train
/content/drive/MyDrive/Capstone Coding Camp 2026/Dataset_Cleaned/Metal/Metal_162.jpg,Metal_162.jpg,Metal,2,300,300,RGB,train
/content/drive/MyDrive/Capstone Coding Camp 2026/Dataset_Cleaned/Glass/Glass_083.jpg,Glass_083.jpg,Glass,1,300,300,RGB,train
/content/drive/MyDrive/Capstone Coding Camp 2026/Dataset_Cleaned/Plastic/Plastic_087.jpg,Plastic_087.jpg,Plastic,5,300,300,RGB,train
/content/drive/MyDrive/Capstone Coding Camp 2026/Dataset_Cleaned/Organic/Organic_190.jpg,Organic_190.jpg,Organic,3,300,300,RGB,train
/content/drive/MyDrive/Capstone Coding Camp 2026/Dataset_Cleaned/B3/B3_128.jpg,B3_128.jpg,B3,0,300,300,RGB,train
/content/drive/MyDrive/Capstone Coding Camp 2026/Dataset_Cleaned/B3/B3_086.jpg,B3_086.jpg,B3,0,300,300,RGB,train
/content/drive/MyDrive/Capstone Coding Camp 2026/Dataset_Cleaned/Metal/Metal_066.jpg,Metal_066.jpg,Metal,2,300,300,RGB,train
/content/drive/MyDrive/Capstone Coding Camp 2026/Dataset_Cleaned/Glass/Glass_110.jpg,Glass_110.jpg,Glass,1,300,300,RGB,train
/content/drive/MyDrive/Capstone Coding Camp 2026/Dataset_Cleaned/Plastic/Plastic_160.jpg,Plastic_160.jpg,Plastic,5,300,300,RGB,validation
/content/drive/MyDrive/Capstone Coding Camp 2026/Dataset_Cleaned/Paper/Paper_007.jpg,Paper_007.jpg,Paper,4,300,300,RGB,validation
/content/drive/MyDrive/Capstone Coding Camp 2026/Dataset_Cleaned/Paper/Paper_163.jpg,Paper_163.jpg,Paper,4,300,300,RGB,validation
/content/drive/MyDrive/Capstone Coding Camp 2026/Dataset_Cleaned/Metal/Metal_045.jpg,Metal_045.jpg,Metal,2,300,300,RGB,validation
/content/drive/MyDrive/Capstone Coding Camp 2026/Dataset_Cleaned/Metal/Metal_029.jpg,Metal_029.jpg,Metal,2,300,300,RGB,validation
/content/drive/MyDrive/Capstone Coding Camp 2026/Dataset_Cleaned/Glass/Glass_035.jpg,Glass_035.jpg,Glass,1,300,300,RGB,validation
/content/drive/MyDrive/Capstone Coding Camp 2026/Dataset_Cleaned/B3/B3_090.jpg,B3_090.jpg,B3,0,300,300,RGB,validation
/content/drive/MyDrive/Capstone Coding Camp 2026/Dataset_Cleaned/B3/B3_046.jpg,B3_046.jpg,B3,0,300,300,RGB,validation
/content/drive/MyDrive/Capstone Coding Camp 2026/Dataset_Cleaned/Plastic/Plastic_067.jpg,Plastic_067.jpg,Plastic,5,300,300,RGB,validation
/content/drive/MyDrive/Capstone Coding Camp 2026/Dataset_Cleaned/Glass/Glass_157.jpg,Glass_157.jpg,Glass,1,300,300,RGB,validation
/content/drive/MyDrive/Capstone Coding Camp 2026/Dataset_Cleaned/Organic/Organic_171.jpg,Organic_171.jpg,Organic,3,300,300,RGB,validation
/content/drive/MyDrive/Capstone Coding Camp 2026/Dataset_Cleaned/Metal/Metal_097.jpg,Metal_097.jpg,Metal,2,300,300,RGB,validation
/content/drive/MyDrive/Capstone Coding Camp 2026/Dataset_Cleaned/Paper/Paper_121.jpg,Paper_121.jpg,Paper,4,300,300,RGB,validation
/content/drive/MyDrive/Capstone Coding Camp 2026/Dataset_Cleaned/Organic/Organic_121.jpg,Organic_121.jpg,Organic,3,300,300,RGB,validation
/content/drive/MyDrive/Capstone Coding Camp 2026/Dataset_Cleaned/Organic/Organic_069.jpg,Organic_069.jpg,Organic,3,300,300,RGB,validation
/content/drive/MyDrive/Capstone Coding Camp 2026/Dataset_Cleaned/Paper/Paper_081.jpg,Paper_081.jpg,Paper,4,300,300,RGB,validation
/content/drive/MyDrive/Capstone Coding Camp 2026/Dataset_Cleaned/Metal/Metal_134.jpg,Metal_134.jpg,Metal,2,300,300,RGB,validation
/content/drive/MyDrive/Capstone Coding Camp 2026/Dataset_Cleaned/Plastic/Plastic_086.jpg,Plastic_086.jpg,Plastic,5,300,300,RGB,validation
/content/drive/MyDrive/Capstone Coding Camp 2026/Dataset_Cleaned/Paper/Paper_087.jpg,Paper_087.jpg,Paper,4,300,300,RGB,validation
/content/drive/MyDrive/Capstone Coding Camp 2026/Dataset_Cleaned/Glass/Glass_016.jpg,Glass_016.jpg,Glass,1,300,300,RGB,validation
/content/drive/MyDrive/Capstone Coding Camp 2026/Dataset_Cleaned/B3/B3_071.jpg,B3_071.jpg,B3,0,300,300,RGB,validation
/content/drive/MyDrive/Capstone Coding Camp 2026/Dataset_Cleaned/Glass/Glass_056.jpg,Glass_056.jpg,Glass,1,300,300,RGB,validation
/content/drive/MyDrive/Capstone Coding Camp 2026/Dataset_Cleaned/Paper/Paper_197.jpg,Paper_197.jpg,Paper,4,300,300,RGB,validation
/content/drive/MyDrive/Capstone Coding Camp 2026/Dataset_Cleaned/Organic/Organic_116.jpg,Organic_116.jpg,Organic,3,300,300,RGB,validation
/content/drive/MyDrive/Capstone Coding Camp 2026/Dataset_Cleaned/B3/B3_016.jpg,B3_016.jpg,B3,0,300,300,RGB,validation
/content/drive/MyDrive/Capstone Coding Camp 2026/Dataset_Cleaned/Plastic/Plastic_190.jpg,Plastic_190.jpg,Plastic,5,300,300,RGB,validation
/content/drive/MyDrive/Capstone Coding Camp 2026/Dataset_Cleaned/Glass/Glass_081.jpg,Glass_081.jpg,Glass,1,300,300,RGB,validation
/content/drive/MyDrive/Capstone Coding Camp 2026/Dataset_Cleaned/Glass/Glass_057.jpg,Glass_057.jpg,Glass,1,300,300,RGB,validation
/content/drive/MyDrive/Capstone Coding Camp 2026/Dataset_Cleaned/Paper/Paper_025.jpg,Paper_025.jpg,Paper,4,300,300,RGB,validation
/content/drive/MyDrive/Capstone Coding Camp 2026/Dataset_Cleaned/B3/B3_161.jpg,B3_161.jpg,B3,0,300,300,RGB,validation
/content/drive/MyDrive/Capstone Coding Camp 2026/Dataset_Cleaned/B3/B3_109.jpg,B3_109.jpg,B3,0,300,300,RGB,validation
/content/drive/MyDrive/Capstone Coding Camp 2026/Dataset_Cleaned/Paper/Paper_039.jpg,Paper_039.jpg,Paper,4,300,300,RGB,validation
/content/drive/MyDrive/Capstone Coding Camp 2026/Dataset_Cleaned/B3/B3_099.jpg,B3_099.jpg,B3,0,300,300,RGB,validation
/content/drive/MyDrive/Capstone Coding Camp 2026/Dataset_Cleaned/Glass/Glass_159.jpg,Glass_159.jpg,Glass,1,300,300,RGB,validation
/content/drive/MyDrive/Capstone Coding Camp 2026/Dataset_Cleaned/Plastic/Plastic_131.jpg,Plastic_131.jpg,Plastic,5,300,300,RGB,validation
/content/drive/MyDrive/Capstone Coding Camp 2026/Dataset_Cleaned/Metal/Metal_096.jpg,Metal_096.jpg,Metal,2,300,300,RGB,validation
/content/drive/MyDrive/Capstone Coding Camp 2026/Dataset_Cleaned/B3/B3_048.jpg,B3_048.jpg,B3,0,300,300,RGB,validation
/content/drive/MyDrive/Capstone Coding Camp 2026/Dataset_Cleaned/Metal/Metal_141.jpg,Metal_141.jpg,Metal,2,300,300,RGB,validation
/content/drive/MyDrive/Capstone Coding Camp 2026/Dataset_Cleaned/Metal/Metal_030.jpg,Metal_030.jpg,Metal,2,300,300,RGB,validation
/content/drive/MyDrive/Capstone Coding Camp 2026/Dataset_Cleaned/Paper/Paper_015.jpg,Paper_015.jpg,Paper,4,300,300,RGB,validation
/content/drive/MyDrive/Capstone Coding Camp 2026/Dataset_Cleaned/Metal/Metal_156.jpg,Metal_156.jpg,Metal,2,300,300,RGB,validation
/content/drive/MyDrive/Capstone Coding Camp 2026/Dataset_Cleaned/Paper/Paper_150.jpg,Paper_150.jpg,Paper,4,300,300,RGB,validation
/content/drive/MyDrive/Capstone Coding Camp 2026/Dataset_Cleaned/Glass/Glass_061.jpg,Glass_061.jpg,Glass,1,300,300,RGB,validation
/content/drive/MyDrive/Capstone Coding Camp 2026/Dataset_Cleaned/Metal/Metal_180.jpg,Metal_180.jpg,Metal,2,300,300,RGB,validation
/content/drive/MyDrive/Capstone Coding Camp 2026/Dataset_Cleaned/Metal/Metal_052.jpg,Metal_052.jpg,Metal,2,300,300,RGB,validation
/content/drive/MyDrive/Capstone Coding Camp 2026/Dataset_Cleaned/Organic/Organic_045.jpg,Organic_045.jpg,Organic,3,300,300,RGB,validation
/content/drive/MyDrive/Capstone Coding Camp 2026/Dataset_Cleaned/B3/B3_085.jpg,B3_085.jpg,B3,0,300,300,RGB,validation
/content/drive/MyDrive/Capstone Coding Camp 2026/Dataset_Cleaned/Paper/Paper_062.jpg,Paper_062.jpg,Paper,4,300,300,RGB,validation
/content/drive/MyDrive/Capstone Coding Camp 2026/Dataset_Cleaned/Plastic/Plastic_141.jpg,Plastic_141.jpg,Plastic,5,300,300,RGB,validation
/content/drive/MyDrive/Capstone Coding Camp 2026/Dataset_Cleaned/Metal/Metal_062.jpg,Metal_062.jpg,Metal,2,300,300,RGB,validation
/content/drive/MyDrive/Capstone Coding Camp 2026/Dataset_Cleaned/Glass/Glass_089.jpg,Glass_089.jpg,Glass,1,300,300,RGB,validation
/content/drive/MyDrive/Capstone Coding Camp 2026/Dataset_Cleaned/Paper/Paper_110.jpg,Paper_110.jpg,Paper,4,300,300,RGB,validation
/content/drive/MyDrive/Capstone Coding Camp 2026/Dataset_Cleaned/Paper/Paper_063.jpg,Paper_063.jpg,Paper,4,300,300,RGB,validation
/content/drive/MyDrive/Capstone Coding Camp 2026/Dataset_Cleaned/B3/B3_061.jpg,B3_061.jpg,B3,0,300,300,RGB,validation
/content/drive/MyDrive/Capstone Coding Camp 2026/Dataset_Cleaned/Metal/Metal_139.jpg,Metal_139.jpg,Metal,2,300,300,RGB,validation
/content/drive/MyDrive/Capstone Coding Camp 2026/Dataset_Cleaned/Metal/Metal_132.jpg,Metal_132.jpg,Metal,2,300,300,RGB,validation
/content/drive/MyDrive/Capstone Coding Camp 2026/Dataset_Cleaned/Plastic/Plastic_010.jpg,Plastic_010.jpg,Plastic,5,300,300,RGB,validation
/content/drive/MyDrive/Capstone Coding Camp 2026/Dataset_Cleaned/Metal/Metal_189.jpg,Metal_189.jpg,Metal,2,300,300,RGB,validation
/content/drive/MyDrive/Capstone Coding Camp 2026/Dataset_Cleaned/Metal/Metal_198.jpg,Metal_198.jpg,Metal,2,300,300,RGB,validation
/content/drive/MyDrive/Capstone Coding Camp 2026/Dataset_Cleaned/Plastic/Plastic_004.jpg,Plastic_004.jpg,Plastic,5,300,300,RGB,validation
/content/drive/MyDrive/Capstone Coding Camp 2026/Dataset_Cleaned/Organic/Organic_090.jpg,Organic_090.jpg,Organic,3,300,300,RGB,validation
/content/drive/MyDrive/Capstone Coding Camp 2026/Dataset_Cleaned/Plastic/Plastic_125.jpg,Plastic_125.jpg,Plastic,5,300,300,RGB,validation
/content/drive/MyDrive/Capstone Coding Camp 2026/Dataset_Cleaned/Organic/Organic_180.jpg,Organic_180.jpg,Organic,3,300,300,RGB,validation
/content/drive/MyDrive/Capstone Coding Camp 2026/Dataset_Cleaned/Organic/Organic_010.jpg,Organic_010.jpg,Organic,3,300,300,RGB,validation
/content/drive/MyDrive/Capstone Coding Camp 2026/Dataset_Cleaned/Organic/Organic_174.jpg,Organic_174.jpg,Organic,3,300,300,RGB,validation
/content/drive/MyDrive/Capstone Coding Camp 2026/Dataset_Cleaned/B3/B3_124.jpg,B3_124.jpg,B3,0,300,300,RGB,validation
/content/drive/MyDrive/Capstone Coding Camp 2026/Dataset_Cleaned/Paper/Paper_008.jpg,Paper_008.jpg,Paper,4,300,300,RGB,validation
/content/drive/MyDrive/Capstone Coding Camp 2026/Dataset_Cleaned/Paper/Paper_179.jpg,Paper_179.jpg,Paper,4,300,300,RGB,validation
/content/drive/MyDrive/Capstone Coding Camp 2026/Dataset_Cleaned/Metal/Metal_133.jpg,Metal_133.jpg,Metal,2,300,300,RGB,validation
/content/drive/MyDrive/Capstone Coding Camp 2026/Dataset_Cleaned/Paper/Paper_052.jpg,Paper_052.jpg,Paper,4,300,300,RGB,validation
/content/drive/MyDrive/Capstone Coding Camp 2026/Dataset_Cleaned/Plastic/Plastic_188.jpg,Plastic_188.jpg,Plastic,5,300,300,RGB,validation
/content/drive/MyDrive/Capstone Coding Camp 2026/Dataset_Cleaned/Plastic/Plastic_068.jpg,Plastic_068.jpg,Plastic,5,300,300,RGB,validation
/content/drive/MyDrive/Capstone Coding Camp 2026/Dataset_Cleaned/Metal/Metal_023.jpg,Metal_023.jpg,Metal,2,300,300,RGB,validation
/content/drive/MyDrive/Capstone Coding Camp 2026/Dataset_Cleaned/Organic/Organic_154.jpg,Organic_154.jpg,Organic,3,300,300,RGB,validation
/content/drive/MyDrive/Capstone Coding Camp 2026/Dataset_Cleaned/Metal/Metal_191.jpg,Metal_191.jpg,Metal,2,300,300,RGB,validation
/content/drive/MyDrive/Capstone Coding Camp 2026/Dataset_Cleaned/Metal/Metal_128.jpg,Metal_128.jpg,Metal,2,300,300,RGB,validation
/content/drive/MyDrive/Capstone Coding Camp 2026/Dataset_Cleaned/Organic/Organic_050.jpg,Organic_050.jpg,Organic,3,300,300,RGB,validation
/content/drive/MyDrive/Capstone Coding Camp 2026/Dataset_Cleaned/Metal/Metal_197.jpg,Metal_197.jpg,Metal,2,300,300,RGB,validation
/content/drive/MyDrive/Capstone Coding Camp 2026/Dataset_Cleaned/Glass/Glass_113.jpg,Glass_113.jpg,Glass,1,300,300,RGB,validation
/content/drive/MyDrive/Capstone Coding Camp 2026/Dataset_Cleaned/Glass/Glass_088.jpg,Glass_088.jpg,Glass,1,300,300,RGB,validation
/content/drive/MyDrive/Capstone Coding Camp 2026/Dataset_Cleaned/Metal/Metal_172.jpg,Metal_172.jpg,Metal,2,300,300,RGB,validation
/content/drive/MyDrive/Capstone Coding Camp 2026/Dataset_Cleaned/Metal/Metal_136.jpg,Metal_136.jpg,Metal,2,300,300,RGB,validation
/content/drive/MyDrive/Capstone Coding Camp 2026/Dataset_Cleaned/B3/B3_110.jpg,B3_110.jpg,B3,0,300,300,RGB,validation
/content/drive/MyDrive/Capstone Coding Camp 2026/Dataset_Cleaned/B3/B3_187.jpg,B3_187.jpg,B3,0,300,300,RGB,validation
/content/drive/MyDrive/Capstone Coding Camp 2026/Dataset_Cleaned/B3/B3_065.jpg,B3_065.jpg,B3,0,300,300,RGB,validation
/content/drive/MyDrive/Capstone Coding Camp 2026/Dataset_Cleaned/B3/B3_188.jpg,B3_188.jpg,B3,0,300,300,RGB,validation
/content/drive/MyDrive/Capstone Coding Camp 2026/Dataset_Cleaned/Paper/Paper_113.jpg,Paper_113.jpg,Paper,4,300,300,RGB,validation
/content/drive/MyDrive/Capstone Coding Camp 2026/Dataset_Cleaned/Organic/Organic_172.jpg,Organic_172.jpg,Organic,3,300,300,RGB,validation
/content/drive/MyDrive/Capstone Coding Camp 2026/Dataset_Cleaned/Paper/Paper_083.jpg,Paper_083.jpg,Paper,4,300,300,RGB,validation
/content/drive/MyDrive/Capstone Coding Camp 2026/Dataset_Cleaned/Plastic/Plastic_056.jpg,Plastic_056.jpg,Plastic,5,300,300,RGB,validation
/content/drive/MyDrive/Capstone Coding Camp 2026/Dataset_Cleaned/Paper/Paper_185.jpg,Paper_185.jpg,Paper,4,300,300,RGB,validation
/content/drive/MyDrive/Capstone Coding Camp 2026/Dataset_Cleaned/Plastic/Plastic_070.jpg,Plastic_070.jpg,Plastic,5,300,300,RGB,validation
/content/drive/MyDrive/Capstone Coding Camp 2026/Dataset_Cleaned/B3/B3_172.jpg,B3_172.jpg,B3,0,300,300,RGB,validation
/content/drive/MyDrive/Capstone Coding Camp 2026/Dataset_Cleaned/B3/B3_181.jpg,B3_181.jpg,B3,0,300,300,RGB,validation
/content/drive/MyDrive/Capstone Coding Camp 2026/Dataset_Cleaned/Paper/Paper_109.jpg,Paper_109.jpg,Paper,4,300,300,RGB,validation
/content/drive/MyDrive/Capstone Coding Camp 2026/Dataset_Cleaned/B3/B3_171.jpg,B3_171.jpg,B3,0,300,300,RGB,validation
/content/drive/MyDrive/Capstone Coding Camp 2026/Dataset_Cleaned/Organic/Organic_127.jpg,Organic_127.jpg,Organic,3,300,300,RGB,validation
/content/drive/MyDrive/Capstone Coding Camp 2026/Dataset_Cleaned/Glass/Glass_107.jpg,Glass_107.jpg,Glass,1,300,300,RGB,validation
/content/drive/MyDrive/Capstone Coding Camp 2026/Dataset_Cleaned/Glass/Glass_044.jpg,Glass_044.jpg,Glass,1,300,300,RGB,validation
/content/drive/MyDrive/Capstone Coding Camp 2026/Dataset_Cleaned/Paper/Paper_195.jpg,Paper_195.jpg,Paper,4,300,300,RGB,validation
/content/drive/MyDrive/Capstone Coding Camp 2026/Dataset_Cleaned/Glass/Glass_001.jpg,Glass_001.jpg,Glass,1,300,300,RGB,validation
/content/drive/MyDrive/Capstone Coding Camp 2026/Dataset_Cleaned/Organic/Organic_097.jpg,Organic_097.jpg,Organic,3,300,300,RGB,validation
/content/drive/MyDrive/Capstone Coding Camp 2026/Dataset_Cleaned/Organic/Organic_193.jpg,Organic_193.jpg,Organic,3,300,300,RGB,validation
/content/drive/MyDrive/Capstone Coding Camp 2026/Dataset_Cleaned/Plastic/Plastic_119.jpg,Plastic_119.jpg,Plastic,5,300,300,RGB,validation
/content/drive/MyDrive/Capstone Coding Camp 2026/Dataset_Cleaned/Metal/Metal_075.jpg,Metal_075.jpg,Metal,2,300,300,RGB,validation
/content/drive/MyDrive/Capstone Coding Camp 2026/Dataset_Cleaned/Organic/Organic_001.jpg,Organic_001.jpg,Organic,3,300,300,RGB,validation
/content/drive/MyDrive/Capstone Coding Camp 2026/Dataset_Cleaned/B3/B3_095.jpg,B3_095.jpg,B3,0,300,300,RGB,validation
/content/drive/MyDrive/Capstone Coding Camp 2026/Dataset_Cleaned/Organic/Organic_108.jpg,Organic_108.jpg,Organic,3,300,300,RGB,validation
/content/drive/MyDrive/Capstone Coding Camp 2026/Dataset_Cleaned/Glass/Glass_045.jpg,Glass_045.jpg,Glass,1,300,300,RGB,validation
/content/drive/MyDrive/Capstone Coding Camp 2026/Dataset_Cleaned/Paper/Paper_134.jpg,Paper_134.jpg,Paper,4,300,300,RGB,validation
/content/drive/MyDrive/Capstone Coding Camp 2026/Dataset_Cleaned/Organic/Organic_020.jpg,Organic_020.jpg,Organic,3,300,300,RGB,validation
/content/drive/MyDrive/Capstone Coding Camp 2026/Dataset_Cleaned/Organic/Organic_013.jpg,Organic_013.jpg,Organic,3,300,300,RGB,validation
/content/drive/MyDrive/Capstone Coding Camp 2026/Dataset_Cleaned/Paper/Paper_198.jpg,Paper_198.jpg,Paper,4,300,300,RGB,validation
/content/drive/MyDrive/Capstone Coding Camp 2026/Dataset_Cleaned/Organic/Organic_049.jpg,Organic_049.jpg,Organic,3,300,300,RGB,validation
/content/drive/MyDrive/Capstone Coding Camp 2026/Dataset_Cleaned/Plastic/Plastic_088.jpg,Plastic_088.jpg,Plastic,5,300,300,RGB,validation
/content/drive/MyDrive/Capstone Coding Camp 2026/Dataset_Cleaned/B3/B3_043.jpg,B3_043.jpg,B3,0,300,300,RGB,validation
/content/drive/MyDrive/Capstone Coding Camp 2026/Dataset_Cleaned/Metal/Metal_004.jpg,Metal_004.jpg,Metal,2,300,300,RGB,validation
/content/drive/MyDrive/Capstone Coding Camp 2026/Dataset_Cleaned/Glass/Glass_185.jpg,Glass_185.jpg,Glass,1,300,300,RGB,validation
/content/drive/MyDrive/Capstone Coding Camp 2026/Dataset_Cleaned/Glass/Glass_017.jpg,Glass_017.jpg,Glass,1,300,300,RGB,validation
/content/drive/MyDrive/Capstone Coding Camp 2026/Dataset_Cleaned/Glass/Glass_158.jpg,Glass_158.jpg,Glass,1,300,300,RGB,validation
/content/drive/MyDrive/Capstone Coding Camp 2026/Dataset_Cleaned/Plastic/Plastic_140.jpg,Plastic_140.jpg,Plastic,5,300,300,RGB,validation
/content/drive/MyDrive/Capstone Coding Camp 2026/Dataset_Cleaned/Paper/Paper_147.jpg,Paper_147.jpg,Paper,4,300,300,RGB,validation
/content/drive/MyDrive/Capstone Coding Camp 2026/Dataset_Cleaned/Plastic/Plastic_110.jpg,Plastic_110.jpg,Plastic,5,300,300,RGB,validation
/content/drive/MyDrive/Capstone Coding Camp 2026/Dataset_Cleaned/B3/B3_021.jpg,B3_021.jpg,B3,0,300,300,RGB,validation
/content/drive/MyDrive/Capstone Coding Camp 2026/Dataset_Cleaned/Metal/Metal_116.jpg,Metal_116.jpg,Metal,2,300,300,RGB,validation
/content/drive/MyDrive/Capstone Coding Camp 2026/Dataset_Cleaned/Metal/Metal_061.jpg,Metal_061.jpg,Metal,2,300,300,RGB,validation
/content/drive/MyDrive/Capstone Coding Camp 2026/Dataset_Cleaned/Plastic/Plastic_108.jpg,Plastic_108.jpg,Plastic,5,300,300,RGB,validation
/content/drive/MyDrive/Capstone Coding Camp 2026/Dataset_Cleaned/Plastic/Plastic_036.jpg,Plastic_036.jpg,Plastic,5,300,300,RGB,validation
/content/drive/MyDrive/Capstone Coding Camp 2026/Dataset_Cleaned/Glass/Glass_021.jpg,Glass_021.jpg,Glass,1,300,300,RGB,validation
/content/drive/MyDrive/Capstone Coding Camp 2026/Dataset_Cleaned/Plastic/Plastic_179.jpg,Plastic_179.jpg,Plastic,5,300,300,RGB,validation
/content/drive/MyDrive/Capstone Coding Camp 2026/Dataset_Cleaned/Plastic/Plastic_094.jpg,Plastic_094.jpg,Plastic,5,300,300,RGB,validation
/content/drive/MyDrive/Capstone Coding Camp 2026/Dataset_Cleaned/Metal/Metal_185.jpg,Metal_185.jpg,Metal,2,300,300,RGB,validation
/content/drive/MyDrive/Capstone Coding Camp 2026/Dataset_Cleaned/Organic/Organic_143.jpg,Organic_143.jpg,Organic,3,300,300,RGB,validation
/content/drive/MyDrive/Capstone Coding Camp 2026/Dataset_Cleaned/Organic/Organic_057.jpg,Organic_057.jpg,Organic,3,300,300,RGB,validation
/content/drive/MyDrive/Capstone Coding Camp 2026/Dataset_Cleaned/Organic/Organic_149.jpg,Organic_149.jpg,Organic,3,300,300,RGB,validation
/content/drive/MyDrive/Capstone Coding Camp 2026/Dataset_Cleaned/B3/B3_114.jpg,B3_114.jpg,B3,0,300,300,RGB,validation
/content/drive/MyDrive/Capstone Coding Camp 2026/Dataset_Cleaned/Metal/Metal_012.jpg,Metal_012.jpg,Metal,2,300,300,RGB,validation
/content/drive/MyDrive/Capstone Coding Camp 2026/Dataset_Cleaned/B3/B3_158.jpg,B3_158.jpg,B3,0,300,300,RGB,validation
/content/drive/MyDrive/Capstone Coding Camp 2026/Dataset_Cleaned/Glass/Glass_007.jpg,Glass_007.jpg,Glass,1,300,300,RGB,validation
/content/drive/MyDrive/Capstone Coding Camp 2026/Dataset_Cleaned/Glass/Glass_037.jpg,Glass_037.jpg,Glass,1,300,300,RGB,validation
/content/drive/MyDrive/Capstone Coding Camp 2026/Dataset_Cleaned/Paper/Paper_017.jpg,Paper_017.jpg,Paper,4,300,300,RGB,validation
/content/drive/MyDrive/Capstone Coding Camp 2026/Dataset_Cleaned/Glass/Glass_145.jpg,Glass_145.jpg,Glass,1,300,300,RGB,validation
/content/drive/MyDrive/Capstone Coding Camp 2026/Dataset_Cleaned/B3/B3_031.jpg,B3_031.jpg,B3,0,300,300,RGB,validation
/content/drive/MyDrive/Capstone Coding Camp 2026/Dataset_Cleaned/Glass/Glass_168.jpg,Glass_168.jpg,Glass,1,300,300,RGB,validation
/content/drive/MyDrive/Capstone Coding Camp 2026/Dataset_Cleaned/Plastic/Plastic_025.jpg,Plastic_025.jpg,Plastic,5,300,300,RGB,validation
/content/drive/MyDrive/Capstone Coding Camp 2026/Dataset_Cleaned/B3/B3_037.jpg,B3_037.jpg,B3,0,300,300,RGB,validation
/content/drive/MyDrive/Capstone Coding Camp 2026/Dataset_Cleaned/Glass/Glass_063.jpg,Glass_063.jpg,Glass,1,300,300,RGB,validation
/content/drive/MyDrive/Capstone Coding Camp 2026/Dataset_Cleaned/Glass/Glass_050.jpg,Glass_050.jpg,Glass,1,300,300,RGB,validation
/content/drive/MyDrive/Capstone Coding Camp 2026/Dataset_Cleaned/Paper/Paper_131.jpg,Paper_131.jpg,Paper,4,300,300,RGB,validation
/content/drive/MyDrive/Capstone Coding Camp 2026/Dataset_Cleaned/Plastic/Plastic_062.jpg,Plastic_062.jpg,Plastic,5,300,300,RGB,validation
/content/drive/MyDrive/Capstone Coding Camp 2026/Dataset_Cleaned/B3/B3_147.jpg,B3_147.jpg,B3,0,300,300,RGB,validation
/content/drive/MyDrive/Capstone Coding Camp 2026/Dataset_Cleaned/Paper/Paper_159.jpg,Paper_159.jpg,Paper,4,300,300,RGB,validation
/content/drive/MyDrive/Capstone Coding Camp 2026/Dataset_Cleaned/Paper/Paper_074.jpg,Paper_074.jpg,Paper,4,300,300,RGB,validation
/content/drive/MyDrive/Capstone Coding Camp 2026/Dataset_Cleaned/Plastic/Plastic_116.jpg,Plastic_116.jpg,Plastic,5,300,300,RGB,validation
/content/drive/MyDrive/Capstone Coding Camp 2026/Dataset_Cleaned/Metal/Metal_084.jpg,Metal_084.jpg,Metal,2,300,300,RGB,validation
/content/drive/MyDrive/Capstone Coding Camp 2026/Dataset_Cleaned/Glass/Glass_027.jpg,Glass_027.jpg,Glass,1,300,300,RGB,validation
/content/drive/MyDrive/Capstone Coding Camp 2026/Dataset_Cleaned/Organic/Organic_184.jpg,Organic_184.jpg,Organic,3,300,300,RGB,validation
/content/drive/MyDrive/Capstone Coding Camp 2026/Dataset_Cleaned/Plastic/Plastic_169.jpg,Plastic_169.jpg,Plastic,5,300,300,RGB,validation
/content/drive/MyDrive/Capstone Coding Camp 2026/Dataset_Cleaned/Organic/Organic_002.jpg,Organic_002.jpg,Organic,3,300,300,RGB,validation
/content/drive/MyDrive/Capstone Coding Camp 2026/Dataset_Cleaned/Plastic/Plastic_197.jpg,Plastic_197.jpg,Plastic,5,300,300,RGB,validation
/content/drive/MyDrive/Capstone Coding Camp 2026/Dataset_Cleaned/Glass/Glass_108.jpg,Glass_108.jpg,Glass,1,300,300,RGB,validation
/content/drive/MyDrive/Capstone Coding Camp 2026/Dataset_Cleaned/Glass/Glass_193.jpg,Glass_193.jpg,Glass,1,300,300,RGB,validation
/content/drive/MyDrive/Capstone Coding Camp 2026/Dataset_Cleaned/B3/B3_097.jpg,B3_097.jpg,B3,0,300,300,RGB,validation
/content/drive/MyDrive/Capstone Coding Camp 2026/Dataset_Cleaned/B3/B3_136.jpg,B3_136.jpg,B3,0,300,300,RGB,validation
/content/drive/MyDrive/Capstone Coding Camp 2026/Dataset_Cleaned/Paper/Paper_130.jpg,Paper_130.jpg,Paper,4,300,300,RGB,validation
/content/drive/MyDrive/Capstone Coding Camp 2026/Dataset_Cleaned/Metal/Metal_112.jpg,Metal_112.jpg,Metal,2,300,300,RGB,validation
/content/drive/MyDrive/Capstone Coding Camp 2026/Dataset_Cleaned/Plastic/Plastic_114.jpg,Plastic_114.jpg,Plastic,5,300,300,RGB,validation
/content/drive/MyDrive/Capstone Coding Camp 2026/Dataset_Cleaned/Plastic/Plastic_165.jpg,Plastic_165.jpg,Plastic,5,300,300,RGB,validation
/content/drive/MyDrive/Capstone Coding Camp 2026/Dataset_Cleaned/Organic/Organic_023.jpg,Organic_023.jpg,Organic,3,300,300,RGB,validation
/content/drive/MyDrive/Capstone Coding Camp 2026/Dataset_Cleaned/Plastic/Plastic_171.jpg,Plastic_171.jpg,Plastic,5,300,300,RGB,validation
/content/drive/MyDrive/Capstone Coding Camp 2026/Dataset_Cleaned/Organic/Organic_103.jpg,Organic_103.jpg,Organic,3,300,300,RGB,validation
/content/drive/MyDrive/Capstone Coding Camp 2026/Dataset_Cleaned/Plastic/Plastic_007.jpg,Plastic_007.jpg,Plastic,5,300,300,RGB,validation
/content/drive/MyDrive/Capstone Coding Camp 2026/Dataset_Cleaned/Organic/Organic_167.jpg,Organic_167.jpg,Organic,3,300,300,RGB,validation
/content/drive/MyDrive/Capstone Coding Camp 2026/Dataset_Cleaned/B3/B3_053.jpg,B3_053.jpg,B3,0,300,300,RGB,validation
/content/drive/MyDrive/Capstone Coding Camp 2026/Dataset_Cleaned/Glass/Glass_163.jpg,Glass_163.jpg,Glass,1,300,300,RGB,validation
/content/drive/MyDrive/Capstone Coding Camp 2026/Dataset_Cleaned/Paper/Paper_120.jpg,Paper_120.jpg,Paper,4,300,300,RGB,validation
/content/drive/MyDrive/Capstone Coding Camp 2026/Dataset_Cleaned/Organic/Organic_111.jpg,Organic_111.jpg,Organic,3,300,300,RGB,validation
/content/drive/MyDrive/Capstone Coding Camp 2026/Dataset_Cleaned/B3/B3_173.jpg,B3_173.jpg,B3,0,300,300,RGB,validation
/content/drive/MyDrive/Capstone Coding Camp 2026/Dataset_Cleaned/Organic/Organic_141.jpg,Organic_141.jpg,Organic,3,300,300,RGB,validation
/content/drive/MyDrive/Capstone Coding Camp 2026/Dataset_Cleaned/Glass/Glass_038.jpg,Glass_038.jpg,Glass,1,300,300,RGB,validation
/content/drive/MyDrive/Capstone Coding Camp 2026/Dataset_Cleaned/Metal/Metal_104.jpg,Metal_104.jpg,Metal,2,300,300,RGB,test
/content/drive/MyDrive/Capstone Coding Camp 2026/Dataset_Cleaned/Metal/Metal_143.jpg,Metal_143.jpg,Metal,2,300,300,RGB,test
/content/drive/MyDrive/Capstone Coding Camp 2026/Dataset_Cleaned/B3/B3_148.jpg,B3_148.jpg,B3,0,300,300,RGB,test
/content/drive/MyDrive/Capstone Coding Camp 2026/Dataset_Cleaned/Organic/Organic_166.jpg,Organic_166.jpg,Organic,3,300,300,RGB,test
/content/drive/MyDrive/Capstone Coding Camp 2026/Dataset_Cleaned/Organic/Organic_124.jpg,Organic_124.jpg,Organic,3,300,300,RGB,test
/content/drive/MyDrive/Capstone Coding Camp 2026/Dataset_Cleaned/Plastic/Plastic_178.jpg,Plastic_178.jpg,Plastic,5,300,300,RGB,test
/content/drive/MyDrive/Capstone Coding Camp 2026/Dataset_Cleaned/Glass/Glass_039.jpg,Glass_039.jpg,Glass,1,300,300,RGB,test
/content/drive/MyDrive/Capstone Coding Camp 2026/Dataset_Cleaned/Paper/Paper_200.jpg,Paper_200.jpg,Paper,4,300,300,RGB,test
/content/drive/MyDrive/Capstone Coding Camp 2026/Dataset_Cleaned/Plastic/Plastic_069.jpg,Plastic_069.jpg,Plastic,5,300,300,RGB,test
/content/drive/MyDrive/Capstone Coding Camp 2026/Dataset_Cleaned/Glass/Glass_200.jpg,Glass_200.jpg,Glass,1,300,300,RGB,test
/content/drive/MyDrive/Capstone Coding Camp 2026/Dataset_Cleaned/B3/B3_135.jpg,B3_135.jpg,B3,0,300,300,RGB,test
/content/drive/MyDrive/Capstone Coding Camp 2026/Dataset_Cleaned/Glass/Glass_090.jpg,Glass_090.jpg,Glass,1,300,300,RGB,test
/content/drive/MyDrive/Capstone Coding Camp 2026/Dataset_Cleaned/B3/B3_028.jpg,B3_028.jpg,B3,0,300,300,RGB,test
/content/drive/MyDrive/Capstone Coding Camp 2026/Dataset_Cleaned/Organic/Organic_152.jpg,Organic_152.jpg,Organic,3,300,300,RGB,test
/content/drive/MyDrive/Capstone Coding Camp 2026/Dataset_Cleaned/Metal/Metal_051.jpg,Metal_051.jpg,Metal,2,300,300,RGB,test
/content/drive/MyDrive/Capstone Coding Camp 2026/Dataset_Cleaned/Paper/Paper_098.jpg,Paper_098.jpg,Paper,4,300,300,RGB,test
/content/drive/MyDrive/Capstone Coding Camp 2026/Dataset_Cleaned/Organic/Organic_033.jpg,Organic_033.jpg,Organic,3,300,300,RGB,test
/content/drive/MyDrive/Capstone Coding Camp 2026/Dataset_Cleaned/Glass/Glass_191.jpg,Glass_191.jpg,Glass,1,300,300,RGB,test
/content/drive/MyDrive/Capstone Coding Camp 2026/Dataset_Cleaned/B3/B3_033.jpg,B3_033.jpg,B3,0,300,300,RGB,test
/content/drive/MyDrive/Capstone Coding Camp 2026/Dataset_Cleaned/Paper/Paper_047.jpg,Paper_047.jpg,Paper,4,300,300,RGB,test
/content/drive/MyDrive/Capstone Coding Camp 2026/Dataset_Cleaned/Plastic/Plastic_168.jpg,Plastic_168.jpg,Plastic,5,300,300,RGB,test
/content/drive/MyDrive/Capstone Coding Camp 2026/Dataset_Cleaned/Glass/Glass_093.jpg,Glass_093.jpg,Glass,1,300,300,RGB,test
/content/drive/MyDrive/Capstone Coding Camp 2026/Dataset_Cleaned/Metal/Metal_171.jpg,Metal_171.jpg,Metal,2,300,300,RGB,test
/content/drive/MyDrive/Capstone Coding Camp 2026/Dataset_Cleaned/Metal/Metal_109.jpg,Metal_109.jpg,Metal,2,300,300,RGB,test
/content/drive/MyDrive/Capstone Coding Camp 2026/Dataset_Cleaned/Plastic/Plastic_103.jpg,Plastic_103.jpg,Plastic,5,300,300,RGB,test
/content/drive/MyDrive/Capstone Coding Camp 2026/Dataset_Cleaned/Organic/Organic_150.jpg,Organic_150.jpg,Organic,3,300,300,RGB,test
/content/drive/MyDrive/Capstone Coding Camp 2026/Dataset_Cleaned/B3/B3_155.jpg,B3_155.jpg,B3,0,300,300,RGB,test
/content/drive/MyDrive/Capstone Coding Camp 2026/Dataset_Cleaned/Plastic/Plastic_058.jpg,Plastic_058.jpg,Plastic,5,300,300,RGB,test
/content/drive/MyDrive/Capstone Coding Camp 2026/Dataset_Cleaned/Paper/Paper_055.jpg,Paper_055.jpg,Paper,4,300,300,RGB,test
/content/drive/MyDrive/Capstone Coding Camp 2026/Dataset_Cleaned/Metal/Metal_025.jpg,Metal_025.jpg,Metal,2,300,300,RGB,test
/content/drive/MyDrive/Capstone Coding Camp 2026/Dataset_Cleaned/Plastic/Plastic_060.jpg,Plastic_060.jpg,Plastic,5,300,300,RGB,test
/content/drive/MyDrive/Capstone Coding Camp 2026/Dataset_Cleaned/Organic/Organic_169.jpg,Organic_169.jpg,Organic,3,300,300,RGB,test
/content/drive/MyDrive/Capstone Coding Camp 2026/Dataset_Cleaned/Metal/Metal_140.jpg,Metal_140.jpg,Metal,2,300,300,RGB,test
/content/drive/MyDrive/Capstone Coding Camp 2026/Dataset_Cleaned/Plastic/Plastic_159.jpg,Plastic_159.jpg,Plastic,5,300,300,RGB,test
/content/drive/MyDrive/Capstone Coding Camp 2026/Dataset_Cleaned/Metal/Metal_157.jpg,Metal_157.jpg,Metal,2,300,300,RGB,test
/content/drive/MyDrive/Capstone Coding Camp 2026/Dataset_Cleaned/B3/B3_122.jpg,B3_122.jpg,B3,0,300,300,RGB,test
/content/drive/MyDrive/Capstone Coding Camp 2026/Dataset_Cleaned/Organic/Organic_182.jpg,Organic_182.jpg,Organic,3,300,300,RGB,test
/content/drive/MyDrive/Capstone Coding Camp 2026/Dataset_Cleaned/Plastic/Plastic_164.jpg,Plastic_164.jpg,Plastic,5,300,300,RGB,test
/content/drive/MyDrive/Capstone Coding Camp 2026/Dataset_Cleaned/Paper/Paper_097.jpg,Paper_097.jpg,Paper,4,300,300,RGB,test
/content/drive/MyDrive/Capstone Coding Camp 2026/Dataset_Cleaned/Paper/Paper_128.jpg,Paper_128.jpg,Paper,4,300,300,RGB,test
/content/drive/MyDrive/Capstone Coding Camp 2026/Dataset_Cleaned/Organic/Organic_176.jpg,Organic_176.jpg,Organic,3,300,300,RGB,test
/content/drive/MyDrive/Capstone Coding Camp 2026/Dataset_Cleaned/Organic/Organic_163.jpg,Organic_163.jpg,Organic,3,300,300,RGB,test
/content/drive/MyDrive/Capstone Coding Camp 2026/Dataset_Cleaned/Plastic/Plastic_148.jpg,Plastic_148.jpg,Plastic,5,300,300,RGB,test
/content/drive/MyDrive/Capstone Coding Camp 2026/Dataset_Cleaned/B3/B3_141.jpg,B3_141.jpg,B3,0,300,300,RGB,test
/content/drive/MyDrive/Capstone Coding Camp 2026/Dataset_Cleaned/Glass/Glass_049.jpg,Glass_049.jpg,Glass,1,300,300,RGB,test
/content/drive/MyDrive/Capstone Coding Camp 2026/Dataset_Cleaned/Paper/Paper_112.jpg,Paper_112.jpg,Paper,4,300,300,RGB,test
/content/drive/MyDrive/Capstone Coding Camp 2026/Dataset_Cleaned/Plastic/Plastic_044.jpg,Plastic_044.jpg,Plastic,5,300,300,RGB,test
/content/drive/MyDrive/Capstone Coding Camp 2026/Dataset_Cleaned/Glass/Glass_068.jpg,Glass_068.jpg,Glass,1,300,300,RGB,test
/content/drive/MyDrive/Capstone Coding Camp 2026/Dataset_Cleaned/Glass/Glass_013.jpg,Glass_013.jpg,Glass,1,300,300,RGB,test
/content/drive/MyDrive/Capstone Coding Camp 2026/Dataset_Cleaned/Glass/Glass_067.jpg,Glass_067.jpg,Glass,1,300,300,RGB,test
/content/drive/MyDrive/Capstone Coding Camp 2026/Dataset_Cleaned/Metal/Metal_042.jpg,Metal_042.jpg,Metal,2,300,300,RGB,test
/content/drive/MyDrive/Capstone Coding Camp 2026/Dataset_Cleaned/Glass/Glass_179.jpg,Glass_179.jpg,Glass,1,300,300,RGB,test
/content/drive/MyDrive/Capstone Coding Camp 2026/Dataset_Cleaned/B3/B3_002.jpg,B3_002.jpg,B3,0,300,300,RGB,test
/content/drive/MyDrive/Capstone Coding Camp 2026/Dataset_Cleaned/Paper/Paper_116.jpg,Paper_116.jpg,Paper,4,300,300,RGB,test
/content/drive/MyDrive/Capstone Coding Camp 2026/Dataset_Cleaned/Organic/Organic_034.jpg,Organic_034.jpg,Organic,3,300,300,RGB,test
/content/drive/MyDrive/Capstone Coding Camp 2026/Dataset_Cleaned/Glass/Glass_092.jpg,Glass_092.jpg,Glass,1,300,300,RGB,test
/content/drive/MyDrive/Capstone Coding Camp 2026/Dataset_Cleaned/Glass/Glass_128.jpg,Glass_128.jpg,Glass,1,300,300,RGB,test
/content/drive/MyDrive/Capstone Coding Camp 2026/Dataset_Cleaned/Paper/Paper_061.jpg,Paper_061.jpg,Paper,4,300,300,RGB,test
/content/drive/MyDrive/Capstone Coding Camp 2026/Dataset_Cleaned/Glass/Glass_048.jpg,Glass_048.jpg,Glass,1,300,300,RGB,test
/content/drive/MyDrive/Capstone Coding Camp 2026/Dataset_Cleaned/Glass/Glass_091.jpg,Glass_091.jpg,Glass,1,300,300,RGB,test
/content/drive/MyDrive/Capstone Coding Camp 2026/Dataset_Cleaned/Paper/Paper_013.jpg,Paper_013.jpg,Paper,4,300,300,RGB,test
/content/drive/MyDrive/Capstone Coding Camp 2026/Dataset_Cleaned/Paper/Paper_145.jpg,Paper_145.jpg,Paper,4,300,300,RGB,test
/content/drive/MyDrive/Capstone Coding Camp 2026/Dataset_Cleaned/Paper/Paper_075.jpg,Paper_075.jpg,Paper,4,300,300,RGB,test
/content/drive/MyDrive/Capstone Coding Camp 2026/Dataset_Cleaned/Metal/Metal_168.jpg,Metal_168.jpg,Metal,2,300,300,RGB,test
/content/drive/MyDrive/Capstone Coding Camp 2026/Dataset_Cleaned/B3/B3_185.jpg,B3_185.jpg,B3,0,300,300,RGB,test
/content/drive/MyDrive/Capstone Coding Camp 2026/Dataset_Cleaned/B3/B3_139.jpg,B3_139.jpg,B3,0,300,300,RGB,test
/content/drive/MyDrive/Capstone Coding Camp 2026/Dataset_Cleaned/Organic/Organic_107.jpg,Organic_107.jpg,Organic,3,300,300,RGB,test
/content/drive/MyDrive/Capstone Coding Camp 2026/Dataset_Cleaned/Metal/Metal_078.jpg,Metal_078.jpg,Metal,2,300,300,RGB,test
/content/drive/MyDrive/Capstone Coding Camp 2026/Dataset_Cleaned/B3/B3_059.jpg,B3_059.jpg,B3,0,300,300,RGB,test
/content/drive/MyDrive/Capstone Coding Camp 2026/Dataset_Cleaned/Paper/Paper_001.jpg,Paper_001.jpg,Paper,4,300,300,RGB,test
/content/drive/MyDrive/Capstone Coding Camp 2026/Dataset_Cleaned/Plastic/Plastic_195.jpg,Plastic_195.jpg,Plastic,5,300,300,RGB,test
/content/drive/MyDrive/Capstone Coding Camp 2026/Dataset_Cleaned/Metal/Metal_060.jpg,Metal_060.jpg,Metal,2,300,300,RGB,test
/content/drive/MyDrive/Capstone Coding Camp 2026/Dataset_Cleaned/Metal/Metal_001.jpg,Metal_001.jpg,Metal,2,300,300,RGB,test
/content/drive/MyDrive/Capstone Coding Camp 2026/Dataset_Cleaned/Metal/Metal_135.jpg,Metal_135.jpg,Metal,2,300,300,RGB,test
/content/drive/MyDrive/Capstone Coding Camp 2026/Dataset_Cleaned/Metal/Metal_147.jpg,Metal_147.jpg,Metal,2,300,300,RGB,test
/content/drive/MyDrive/Capstone Coding Camp 2026/Dataset_Cleaned/Organic/Organic_041.jpg,Organic_041.jpg,Organic,3,300,300,RGB,test
/content/drive/MyDrive/Capstone Coding Camp 2026/Dataset_Cleaned/Plastic/Plastic_095.jpg,Plastic_095.jpg,Plastic,5,300,300,RGB,test
/content/drive/MyDrive/Capstone Coding Camp 2026/Dataset_Cleaned/Glass/Glass_171.jpg,Glass_171.jpg,Glass,1,300,300,RGB,test
/content/drive/MyDrive/Capstone Coding Camp 2026/Dataset_Cleaned/Metal/Metal_152.jpg,Metal_152.jpg,Metal,2,300,300,RGB,test
/content/drive/MyDrive/Capstone Coding Camp 2026/Dataset_Cleaned/Paper/Paper_066.jpg,Paper_066.jpg,Paper,4,300,300,RGB,test
/content/drive/MyDrive/Capstone Coding Camp 2026/Dataset_Cleaned/Glass/Glass_019.jpg,Glass_019.jpg,Glass,1,300,300,RGB,test
/content/drive/MyDrive/Capstone Coding Camp 2026/Dataset_Cleaned/Metal/Metal_145.jpg,Metal_145.jpg,Metal,2,300,300,RGB,test
/content/drive/MyDrive/Capstone Coding Camp 2026/Dataset_Cleaned/Plastic/Plastic_100.jpg,Plastic_100.jpg,Plastic,5,300,300,RGB,test
/content/drive/MyDrive/Capstone Coding Camp 2026/Dataset_Cleaned/B3/B3_060.jpg,B3_060.jpg,B3,0,300,300,RGB,test
/content/drive/MyDrive/Capstone Coding Camp 2026/Dataset_Cleaned/Glass/Glass_170.jpg,Glass_170.jpg,Glass,1,300,300,RGB,test
/content/drive/MyDrive/Capstone Coding Camp 2026/Dataset_Cleaned/Metal/Metal_082.jpg,Metal_082.jpg,Metal,2,300,300,RGB,test
/content/drive/MyDrive/Capstone Coding Camp 2026/Dataset_Cleaned/Organic/Organic_063.jpg,Organic_063.jpg,Organic,3,300,300,RGB,test
/content/drive/MyDrive/Capstone Coding Camp 2026/Dataset_Cleaned/Paper/Paper_136.jpg,Paper_136.jpg,Paper,4,300,300,RGB,test
/content/drive/MyDrive/Capstone Coding Camp 2026/Dataset_Cleaned/Metal/Metal_090.jpg,Metal_090.jpg,Metal,2,300,300,RGB,test
/content/drive/MyDrive/Capstone Coding Camp 2026/Dataset_Cleaned/B3/B3_111.jpg,B3_111.jpg,B3,0,300,300,RGB,test
/content/drive/MyDrive/Capstone Coding Camp 2026/Dataset_Cleaned/Paper/Paper_189.jpg,Paper_189.jpg,Paper,4,300,300,RGB,test
/content/drive/MyDrive/Capstone Coding Camp 2026/Dataset_Cleaned/Glass/Glass_101.jpg,Glass_101.jpg,Glass,1,300,300,RGB,test
/content/drive/MyDrive/Capstone Coding Camp 2026/Dataset_Cleaned/Plastic/Plastic_033.jpg,Plastic_033.jpg,Plastic,5,300,300,RGB,test
/content/drive/MyDrive/Capstone Coding Camp 2026/Dataset_Cleaned/B3/B3_011.jpg,B3_011.jpg,B3,0,300,300,RGB,test
/content/drive/MyDrive/Capstone Coding Camp 2026/Dataset_Cleaned/Paper/Paper_034.jpg,Paper_034.jpg,Paper,4,300,300,RGB,test
/content/drive/MyDrive/Capstone Coding Camp 2026/Dataset_Cleaned/Metal/Metal_086.jpg,Metal_086.jpg,Metal,2,300,300,RGB,test
/content/drive/MyDrive/Capstone Coding Camp 2026/Dataset_Cleaned/B3/B3_088.jpg,B3_088.jpg,B3,0,300,300,RGB,test
/content/drive/MyDrive/Capstone Coding Camp 2026/Dataset_Cleaned/Glass/Glass_015.jpg,Glass_015.jpg,Glass,1,300,300,RGB,test
/content/drive/MyDrive/Capstone Coding Camp 2026/Dataset_Cleaned/Paper/Paper_133.jpg,Paper_133.jpg,Paper,4,300,300,RGB,test
/content/drive/MyDrive/Capstone Coding Camp 2026/Dataset_Cleaned/Paper/Paper_040.jpg,Paper_040.jpg,Paper,4,300,300,RGB,test
/content/drive/MyDrive/Capstone Coding Camp 2026/Dataset_Cleaned/Glass/Glass_082.jpg,Glass_082.jpg,Glass,1,300,300,RGB,test
/content/drive/MyDrive/Capstone Coding Camp 2026/Dataset_Cleaned/Plastic/Plastic_182.jpg,Plastic_182.jpg,Plastic,5,300,300,RGB,test
/content/drive/MyDrive/Capstone Coding Camp 2026/Dataset_Cleaned/Glass/Glass_060.jpg,Glass_060.jpg,Glass,1,300,300,RGB,test
/content/drive/MyDrive/Capstone Coding Camp 2026/Dataset_Cleaned/B3/B3_117.jpg,B3_117.jpg,B3,0,300,300,RGB,test
/content/drive/MyDrive/Capstone Coding Camp 2026/Dataset_Cleaned/Organic/Organic_067.jpg,Organic_067.jpg,Organic,3,300,300,RGB,test
/content/drive/MyDrive/Capstone Coding Camp 2026/Dataset_Cleaned/Plastic/Plastic_194.jpg,Plastic_194.jpg,Plastic,5,300,300,RGB,test
/content/drive/MyDrive/Capstone Coding Camp 2026/Dataset_Cleaned/Paper/Paper_019.jpg,Paper_019.jpg,Paper,4,300,300,RGB,test
/content/drive/MyDrive/Capstone Coding Camp 2026/Dataset_Cleaned/Metal/Metal_022.jpg,Metal_022.jpg,Metal,2,300,300,RGB,test
/content/drive/MyDrive/Capstone Coding Camp 2026/Dataset_Cleaned/Paper/Paper_171.jpg,Paper_171.jpg,Paper,4,300,300,RGB,test
/content/drive/MyDrive/Capstone Coding Camp 2026/Dataset_Cleaned/Paper/Paper_196.jpg,Paper_196.jpg,Paper,4,300,300,RGB,test
/content/drive/MyDrive/Capstone Coding Camp 2026/Dataset_Cleaned/B3/B3_035.jpg,B3_035.jpg,B3,0,300,300,RGB,test
/content/drive/MyDrive/Capstone Coding Camp 2026/Dataset_Cleaned/Plastic/Plastic_144.jpg,Plastic_144.jpg,Plastic,5,300,300,RGB,test
/content/drive/MyDrive/Capstone Coding Camp 2026/Dataset_Cleaned/Organic/Organic_151.jpg,Organic_151.jpg,Organic,3,300,300,RGB,test
/content/drive/MyDrive/Capstone Coding Camp 2026/Dataset_Cleaned/Organic/Organic_168.jpg,Organic_168.jpg,Organic,3,300,300,RGB,test
/content/drive/MyDrive/Capstone Coding Camp 2026/Dataset_Cleaned/Metal/Metal_113.jpg,Metal_113.jpg,Metal,2,300,300,RGB,test
/content/drive/MyDrive/Capstone Coding Camp 2026/Dataset_Cleaned/Glass/Glass_129.jpg,Glass_129.jpg,Glass,1,300,300,RGB,test
/content/drive/MyDrive/Capstone Coding Camp 2026/Dataset_Cleaned/B3/B3_073.jpg,B3_073.jpg,B3,0,300,300,RGB,test
/content/drive/MyDrive/Capstone Coding Camp 2026/Dataset_Cleaned/Organic/Organic_079.jpg,Organic_079.jpg,Organic,3,300,300,RGB,test
/content/drive/MyDrive/Capstone Coding Camp 2026/Dataset_Cleaned/B3/B3_039.jpg,B3_039.jpg,B3,0,300,300,RGB,test
/content/drive/MyDrive/Capstone Coding Camp 2026/Dataset_Cleaned/Paper/Paper_073.jpg,Paper_073.jpg,Paper,4,300,300,RGB,test
/content/drive/MyDrive/Capstone Coding Camp 2026/Dataset_Cleaned/Plastic/Plastic_170.jpg,Plastic_170.jpg,Plastic,5,300,300,RGB,test
/content/drive/MyDrive/Capstone Coding Camp 2026/Dataset_Cleaned/Glass/Glass_065.jpg,Glass_065.jpg,Glass,1,300,300,RGB,test
/content/drive/MyDrive/Capstone Coding Camp 2026/Dataset_Cleaned/Paper/Paper_067.jpg,Paper_067.jpg,Paper,4,300,300,RGB,test
/content/drive/MyDrive/Capstone Coding Camp 2026/Dataset_Cleaned/Organic/Organic_032.jpg,Organic_032.jpg,Organic,3,300,300,RGB,test
/content/drive/MyDrive/Capstone Coding Camp 2026/Dataset_Cleaned/Glass/Glass_099.jpg,Glass_099.jpg,Glass,1,300,300,RGB,test
/content/drive/MyDrive/Capstone Coding Camp 2026/Dataset_Cleaned/Glass/Glass_009.jpg,Glass_009.jpg,Glass,1,300,300,RGB,test
/content/drive/MyDrive/Capstone Coding Camp 2026/Dataset_Cleaned/B3/B3_052.jpg,B3_052.jpg,B3,0,300,300,RGB,test
/content/drive/MyDrive/Capstone Coding Camp 2026/Dataset_Cleaned/Plastic/Plastic_081.jpg,Plastic_081.jpg,Plastic,5,300,300,RGB,test
/content/drive/MyDrive/Capstone Coding Camp 2026/Dataset_Cleaned/Glass/Glass_127.jpg,Glass_127.jpg,Glass,1,300,300,RGB,test
/content/drive/MyDrive/Capstone Coding Camp 2026/Dataset_Cleaned/Paper/Paper_174.jpg,Paper_174.jpg,Paper,4,300,300,RGB,test
/content/drive/MyDrive/Capstone Coding Camp 2026/Dataset_Cleaned/B3/B3_084.jpg,B3_084.jpg,B3,0,300,300,RGB,test
/content/drive/MyDrive/Capstone Coding Camp 2026/Dataset_Cleaned/Plastic/Plastic_021.jpg,Plastic_021.jpg,Plastic,5,300,300,RGB,test
/content/drive/MyDrive/Capstone Coding Camp 2026/Dataset_Cleaned/Metal/Metal_170.jpg,Metal_170.jpg,Metal,2,300,300,RGB,test
/content/drive/MyDrive/Capstone Coding Camp 2026/Dataset_Cleaned/Organic/Organic_157.jpg,Organic_157.jpg,Organic,3,300,300,RGB,test
/content/drive/MyDrive/Capstone Coding Camp 2026/Dataset_Cleaned/Organic/Organic_181.jpg,Organic_181.jpg,Organic,3,300,300,RGB,test
/content/drive/MyDrive/Capstone Coding Camp 2026/Dataset_Cleaned/Metal/Metal_117.jpg,Metal_117.jpg,Metal,2,300,300,RGB,test
/content/drive/MyDrive/Capstone Coding Camp 2026/Dataset_Cleaned/Glass/Glass_174.jpg,Glass_174.jpg,Glass,1,300,300,RGB,test
/content/drive/MyDrive/Capstone Coding Camp 2026/Dataset_Cleaned/Paper/Paper_143.jpg,Paper_143.jpg,Paper,4,300,300,RGB,test
/content/drive/MyDrive/Capstone Coding Camp 2026/Dataset_Cleaned/B3/B3_072.jpg,B3_072.jpg,B3,0,300,300,RGB,test
/content/drive/MyDrive/Capstone Coding Camp 2026/Dataset_Cleaned/B3/B3_093.jpg,B3_093.jpg,B3,0,300,300,RGB,test
/content/drive/MyDrive/Capstone Coding Camp 2026/Dataset_Cleaned/Metal/Metal_182.jpg,Metal_182.jpg,Metal,2,300,300,RGB,test
/content/drive/MyDrive/Capstone Coding Camp 2026/Dataset_Cleaned/Paper/Paper_161.jpg,Paper_161.jpg,Paper,4,300,300,RGB,test
/content/drive/MyDrive/Capstone Coding Camp 2026/Dataset_Cleaned/Organic/Organic_089.jpg,Organic_089.jpg,Organic,3,300,300,RGB,test
/content/drive/MyDrive/Capstone Coding Camp 2026/Dataset_Cleaned/B3/B3_131.jpg,B3_131.jpg,B3,0,300,300,RGB,test
/content/drive/MyDrive/Capstone Coding Camp 2026/Dataset_Cleaned/Paper/Paper_162.jpg,Paper_162.jpg,Paper,4,300,300,RGB,test
/content/drive/MyDrive/Capstone Coding Camp 2026/Dataset_Cleaned/Metal/Metal_018.jpg,Metal_018.jpg,Metal,2,300,300,RGB,test
/content/drive/MyDrive/Capstone Coding Camp 2026/Dataset_Cleaned/Organic/Organic_058.jpg,Organic_058.jpg,Organic,3,300,300,RGB,test
/content/drive/MyDrive/Capstone Coding Camp 2026/Dataset_Cleaned/Metal/Metal_158.jpg,Metal_158.jpg,Metal,2,300,300,RGB,test
/content/drive/MyDrive/Capstone Coding Camp 2026/Dataset_Cleaned/Metal/Metal_027.jpg,Metal_027.jpg,Metal,2,300,300,RGB,test
/content/drive/MyDrive/Capstone Coding Camp 2026/Dataset_Cleaned/Plastic/Plastic_045.jpg,Plastic_045.jpg,Plastic,5,300,300,RGB,test
/content/drive/MyDrive/Capstone Coding Camp 2026/Dataset_Cleaned/B3/B3_005.jpg,B3_005.jpg,B3,0,300,300,RGB,test
/content/drive/MyDrive/Capstone Coding Camp 2026/Dataset_Cleaned/B3/B3_018.jpg,B3_018.jpg,B3,0,300,300,RGB,test
/content/drive/MyDrive/Capstone Coding Camp 2026/Dataset_Cleaned/Plastic/Plastic_196.jpg,Plastic_196.jpg,Plastic,5,300,300,RGB,test
/content/drive/MyDrive/Capstone Coding Camp 2026/Dataset_Cleaned/Plastic/Plastic_050.jpg,Plastic_050.jpg,Plastic,5,300,300,RGB,test
/content/drive/MyDrive/Capstone Coding Camp 2026/Dataset_Cleaned/B3/B3_167.jpg,B3_167.jpg,B3,0,300,300,RGB,test
/content/drive/MyDrive/Capstone Coding Camp 2026/Dataset_Cleaned/B3/B3_082.jpg,B3_082.jpg,B3,0,300,300,RGB,test
/content/drive/MyDrive/Capstone Coding Camp 2026/Dataset_Cleaned/Organic/Organic_098.jpg,Organic_098.jpg,Organic,3,300,300,RGB,test
/content/drive/MyDrive/Capstone Coding Camp 2026/Dataset_Cleaned/B3/B3_165.jpg,B3_165.jpg,B3,0,300,300,RGB,test
/content/drive/MyDrive/Capstone Coding Camp 2026/Dataset_Cleaned/Glass/Glass_069.jpg,Glass_069.jpg,Glass,1,300,300,RGB,test
/content/drive/MyDrive/Capstone Coding Camp 2026/Dataset_Cleaned/Plastic/Plastic_092.jpg,Plastic_092.jpg,Plastic,5,300,300,RGB,test
/content/drive/MyDrive/Capstone Coding Camp 2026/Dataset_Cleaned/Plastic/Plastic_098.jpg,Plastic_098.jpg,Plastic,5,300,300,RGB,test
/content/drive/MyDrive/Capstone Coding Camp 2026/Dataset_Cleaned/Organic/Organic_145.jpg,Organic_145.jpg,Organic,3,300,300,RGB,test
/content/drive/MyDrive/Capstone Coding Camp 2026/Dataset_Cleaned/Glass/Glass_086.jpg,Glass_086.jpg,Glass,1,300,300,RGB,test
/content/drive/MyDrive/Capstone Coding Camp 2026/Dataset_Cleaned/Organic/Organic_035.jpg,Organic_035.jpg,Organic,3,300,300,RGB,test
/content/drive/MyDrive/Capstone Coding Camp 2026/Dataset_Cleaned/Plastic/Plastic_035.jpg,Plastic_035.jpg,Plastic,5,300,300,RGB,test
/content/drive/MyDrive/Capstone Coding Camp 2026/Dataset_Cleaned/Organic/Organic_091.jpg,Organic_091.jpg,Organic,3,300,300,RGB,test
/content/drive/MyDrive/Capstone Coding Camp 2026/Dataset_Cleaned/Paper/Paper_190.jpg,Paper_190.jpg,Paper,4,300,300,RGB,test
/content/drive/MyDrive/Capstone Coding Camp 2026/Dataset_Cleaned/Plastic/Plastic_003.jpg,Plastic_003.jpg,Plastic,5,300,300,RGB,test
/content/drive/MyDrive/Capstone Coding Camp 2026/Dataset_Cleaned/B3/B3_045.jpg,B3_045.jpg,B3,0,300,300,RGB,test
/content/drive/MyDrive/Capstone Coding Camp 2026/Dataset_Cleaned/Plastic/Plastic_187.jpg,Plastic_187.jpg,Plastic,5,300,300,RGB,test
/content/drive/MyDrive/Capstone Coding Camp 2026/Dataset_Cleaned/Organic/Organic_062.jpg,Organic_062.jpg,Organic,3,300,300,RGB,test
/content/drive/MyDrive/Capstone Coding Camp 2026/Dataset_Cleaned/Plastic/Plastic_016.jpg,Plastic_016.jpg,Plastic,5,300,300,RGB,test
/content/drive/MyDrive/Capstone Coding Camp 2026/Dataset_Cleaned/Metal/Metal_164.jpg,Metal_164.jpg,Metal,2,300,300,RGB,test
/content/drive/MyDrive/Capstone Coding Camp 2026/Dataset_Cleaned/Organic/Organic_104.jpg,Organic_104.jpg,Organic,3,300,300,RGB,test
/content/drive/MyDrive/Capstone Coding Camp 2026/Dataset_Cleaned/Glass/Glass_121.jpg,Glass_121.jpg,Glass,1,300,300,RGB,test
/content/drive/MyDrive/Capstone Coding Camp 2026/Dataset_Cleaned/Paper/Paper_140.jpg,Paper_140.jpg,Paper,4,300,300,RGB,test
/content/drive/MyDrive/Capstone Coding Camp 2026/Dataset_Cleaned/Organic/Organic_086.jpg,Organic_086.jpg,Organic,3,300,300,RGB,test
/content/drive/MyDrive/Capstone Coding Camp 2026/Dataset_Cleaned/Organic/Organic_191.jpg,Organic_191.jpg,Organic,3,300,300,RGB,test
/content/drive/MyDrive/Capstone Coding Camp 2026/Dataset_Cleaned/Plastic/Plastic_153.jpg,Plastic_153.jpg,Plastic,5,300,300,RGB,test
/content/drive/MyDrive/Capstone Coding Camp 2026/Dataset_Cleaned/Metal/Metal_160.jpg,Metal_160.jpg,Metal,2,300,300,RGB,test
